id,tour,gender,type,stage,title,start,end,city,state_country,tourUrl,mondayUrl,MondayDate,oqDate,oqNonMemberDeadline,oqMemberDeadline,oqCourses
ajga-2026-05-21-team-taylormade-invitational,AJGA,Mixed,Junior,Invitational,Team TaylorMade Invitational,2026-05-21,2026-05-24,Belleair,FL,https://www.ajga.org/tournaments/2026041,,,,,,Pelican Golf Club
ajga-2026-05-22-ajga-dominican-junior-open-presented-by-puntacana-resort-club,AJGA,Mixed,Junior,Open,AJGA Dominican Junior Open presented by Puntacana Resort & Club,2026-05-22,2026-05-25,"Punta Cana, Dominican Republic",,https://www.ajga.org/tournaments/2026003,,,,,,Corales Golf Club designed by Tom Fazio
ajga-2026-05-22-visit-williamsburg-junior-championship,AJGA,Mixed,Junior,Open,Visit Williamsburg Junior Championship,2026-05-22,2026-05-25,Williamsburg,VA,https://www.ajga.org/tournaments/2026042,,,,,,Ford's Colony Country Club - Marsh Hawk Course
ajga-2026-05-22-kenton-county-preview-presented-by-northern-kentucky-cvb,AJGA,Mixed,Junior,Preview,Kenton County Preview presented by Northern Kentucky CVB,2026-05-22,2026-05-25,Independence,KY,https://www.ajga.org/tournaments/2026046,,,,,,The Golf Courses of Kenton County - Willows Course
ajga-2026-05-23-the-nelly-invitational-presented-by-chevron,AJGA,Mixed,Junior,Invitational,The Nelly Invitational presented by Chevron,2026-05-23,2026-05-26,Bradenton,FL,https://www.ajga.org/tournaments/2026040,,,,,,The Concession Golf Club
ajga-2026-05-25-punta-gorda-englewood-beach-preview-presented-by-icl-academy-ages-12-15,AJGA,Mixed,Junior,Preview,Punta Gorda / Englewood Beach Preview presented by ICL Academy (Ages 12-15),2026-05-25,2026-05-28,Lake Suzy,FL,https://www.ajga.org/tournaments/2026044,,,,,,Aileron Golf Club
ajga-2026-05-26-ajga-junior-presented-by-decatur-morgan-county-tourism,AJGA,Mixed,Junior,Open,AJGA Junior presented by Decatur Morgan County Tourism,2026-05-26,2026-05-29,Decatur,AL,https://www.ajga.org/tournaments/2026043,,,,,,Burningtree Country Club
ajga-2026-05-26-ochsner-health-ajga-new-orleans-classic,AJGA,Mixed,Junior,Open,Ochsner Health / AJGA New Orleans Classic,2026-05-26,2026-05-29,New Orleans,LA,https://www.ajga.org/tournaments/2026045,,,,,,Bayou Oaks at City Park - South Course
ajga-2026-05-26-ajga-thunderbird-heather-farr-classic,AJGA,Mixed,Junior,Open,AJGA Thunderbird Heather Farr Classic,2026-05-26,2026-05-29,Phoenix,AZ,https://www.ajga.org/tournaments/2026047,,,,,,Papago Golf Club
ajga-2026-06-01-ajga-junior-all-star-presented-by-explore-clay,AJGA,Mixed,Junior,Junior All-Star,AJGA Junior All-Star presented by Explore Clay,2026-06-01,2026-06-04,Fleming Island,FL,https://www.ajga.org/tournaments/2026048,,,,,,Eagle Harbor Golf Club
ajga-2026-06-01-ajga-junior-championship-presented-by-visit-tallahassee,AJGA,Mixed,Junior,Open,AJGA Junior Championship presented by Visit Tallahassee,2026-06-01,2026-06-04,Tallahassee,FL,https://www.ajga.org/tournaments/2026049,,,,,,Seminole Legacy Golf Club
ajga-2026-06-01-the-lanto-junior-championship,AJGA,Mixed,Junior,Open,The Lanto Junior Championship,2026-06-01,2026-06-04,Blacksburg,VA,https://www.ajga.org/tournaments/2026050,,,,,,Blacksburg Country Club
ajga-2026-06-01-ajga-huntsville-junior,AJGA,Mixed,Junior,Open,AJGA Huntsville Junior,2026-06-01,2026-06-04,Huntsville,AL,https://www.ajga.org/tournaments/2026051,,,,,,Valley Hill Country Club - Hill & Valley
ajga-2026-06-01-the-wyndham-clark-presented-by-the-colorado-golf-association,AJGA,Mixed,Junior,Open,The Wyndham Clark presented by the Colorado Golf Association,2026-06-01,2026-06-04,Westminster,CO,https://www.ajga.org/tournaments/2026052,,,,,,Walnut Creek Golf Preserve
ajga-2026-06-01-ajga-junior-at-cypress-bend-presented-by-sabine-river-authority,AJGA,Mixed,Junior,Open,AJGA Junior at Cypress Bend presented by Sabine River Authority,2026-06-01,2026-06-04,Many,LA,https://www.ajga.org/tournaments/2026053,,,,,,Cypress Bend Resort
ajga-2026-06-01-jim-click-automotive-hsl-properties-championship-presented-by-the-tucson-conquis,AJGA,Mixed,Junior,Open,Jim Click Automotive / HSL Properties Championship presented by the Tucson Conquistadores,2026-06-01,2026-06-04,Tucson,AZ,https://www.ajga.org/tournaments/2026054,,,,,,Tucson Country Club
ajga-2026-06-08-wyndham-invitational-presented-by-odyssey,AJGA,Mixed,Junior,Invitational,Wyndham Invitational presented by Odyssey,2026-06-08,2026-06-11,Greensboro,NC,https://www.ajga.org/tournaments/2026055,,,,,,Sedgefield Country Club - Donald Ross Course
ajga-2026-06-08-ajga-junior-at-sandridge,AJGA,Mixed,Junior,Open,AJGA Junior at Sandridge,2026-06-08,2026-06-11,Vero Beach,FL,https://www.ajga.org/tournaments/2026056,,,,,,Sandridge Golf Club - Dunes Course
ajga-2026-06-08-torque-gc-championship,AJGA,Mixed,Junior,Open,Torque GC Championship,2026-06-08,2026-06-11,Santa Rosa Beach,FL,https://www.ajga.org/tournaments/2026057,,,,,,Santa Rosa Golf & Beach Club
ajga-2026-06-08-ajga-rayburn-junior-championship,AJGA,Mixed,Junior,Open,AJGA Rayburn Junior Championship,2026-06-08,2026-06-11,Brookeland,TX,https://www.ajga.org/tournaments/2026058,,,,,,Rayburn Resort and Marina
ajga-2026-06-08-alton-illinois-junior-championship-presented-by-uhy,AJGA,Mixed,Junior,Open,Alton Illinois Junior Championship presented by UHY,2026-06-08,2026-06-11,Alton,IL,https://www.ajga.org/tournaments/2026059,,,,,,Spencer T. Olin Community Golf Course
ajga-2026-06-09-natural-resource-partners-bluegrass-junior-presented-by-encova-insurance,AJGA,Mixed,Junior,Open,Natural Resource Partners Bluegrass Junior presented by Encova Insurance,2026-06-09,2026-06-12,Ashland,KY,https://www.ajga.org/tournaments/2026060,,,,,,Bellefonte Country Club
ajga-2026-06-09-seri-pak-desert-junior,AJGA,Mixed,Junior,Open,SERI PAK Desert Junior,2026-06-09,2026-06-12,Rancho Mirage,CA,https://www.ajga.org/tournaments/2026061,,,,,,Mission Hills Country Club - Pete Dye Challenge Course
ajga-2026-06-15-rolex-girls-junior-championship,AJGA,Mixed,Junior,Invitational,Rolex Girls Junior Championship,2026-06-15,2026-06-18,Fort Wayne,IN,https://www.ajga.org/tournaments/2026062,,,,,,Sycamore Hills Golf Club
ajga-2026-06-15-ben-an-junior-championship,AJGA,Mixed,Junior,Open,Ben An Junior Championship,2026-06-15,2026-06-18,Orlando,FL,https://www.ajga.org/tournaments/2026063,,,,,,Rio Pinar Golf
ajga-2026-06-15-vaughn-taylor-championship,AJGA,Mixed,Junior,Open,Vaughn Taylor Championship,2026-06-15,2026-06-18,Evans,GA,https://www.ajga.org/tournaments/2026064,,,,,,Bartram Trail Golf Club
ajga-2026-06-15-patrick-reed-ajga-junior-championship,AJGA,Mixed,Junior,Open,Patrick Reed AJGA Junior Championship,2026-06-15,2026-06-18,The Woodlands,TX,https://www.ajga.org/tournaments/2026065,,,,,,The Woodlands Country Club - Tournament Course
ajga-2026-06-15-chicago-junior-all-star-championship,AJGA,Mixed,Junior,Junior All-Star,Chicago Junior All-Star Championship,2026-06-15,2026-06-18,Aurora,IL,https://www.ajga.org/tournaments/2026066,,,,,,Phillips Park Golf Course
ajga-2026-06-15-tour-stafford-preview,AJGA,Mixed,Junior,Preview,Tour Stafford Preview,2026-06-15,2026-06-18,Stafford,VA,https://www.ajga.org/tournaments/2026067,,,,,,Augustine Golf Club
ajga-2026-06-16-pga-west-junior-championship,AJGA,Mixed,Junior,Open,PGA WEST Junior Championship,2026-06-16,2026-06-19,La Quinta,CA,https://www.ajga.org/tournaments/2026068,,,,,,PGA WEST - Jack Nicklaus Tournament Course
ajga-2026-06-22-rlx-ralph-lauren-junior-classic,AJGA,Mixed,Junior,Invitational,RLX Ralph Lauren Junior Classic,2026-06-22,2026-06-26,Farmingdale,NY,https://www.ajga.org/tournaments/2026069,,,,,,Bethpage State Park Golf Courses - Black Course
ajga-2026-06-22-play-chesterfield-junior-championship,AJGA,Mixed,Junior,Open,Play Chesterfield Junior Championship,2026-06-22,2026-06-25,Chesterfield,VA,https://www.ajga.org/tournaments/2026070,,,,,,The Golf Club at The Highlands
ajga-2026-06-22-visit-the-shoals-junior-all-star,AJGA,Mixed,Junior,Junior All-Star,Visit The Shoals Junior All-Star,2026-06-22,2026-06-25,Muscle Shoals,AL,https://www.ajga.org/tournaments/2026071,,,,,,Cypress Lakes Golf & Tennis Facility
ajga-2026-06-22-c-t-pan-junior-championship,AJGA,Mixed,Junior,Open,C.T. Pan Junior Championship,2026-06-22,2026-06-25,Pearland,TX,https://www.ajga.org/tournaments/2026072,,,,,,Golfcrest Country Club
ajga-2026-06-22-1898-foundation-junior-all-star,AJGA,Mixed,Junior,Junior All-Star,1898 Foundation Junior All-Star,2026-06-22,2026-06-24,Boardman,OH,https://www.ajga.org/tournaments/2026073,,,,,,Mill Creek Golf Course - South Course
ajga-2026-06-22-circle-k-junior-championship,AJGA,Mixed,Junior,Open,Circle K Junior Championship,2026-06-22,2026-06-25,Bloomington,IN,https://www.ajga.org/tournaments/2026074,,,,,,The Pfau Course at Indiana University
ajga-2026-06-22-visit-fresno-county-junior-championship,AJGA,Mixed,Junior,Open,Visit Fresno County Junior Championship,2026-06-22,2026-06-25,Fresno,CA,https://www.ajga.org/tournaments/2026075,,,,,,Copper River Country Club
ajga-2026-06-24-1898-foundation-preview-presented-by-icl-academy-ages-12-15,AJGA,Mixed,Junior,Preview,1898 Foundation Preview presented by ICL Academy (Ages 12-15),2026-06-24,2026-06-26,Boardman,OH,https://www.ajga.org/tournaments/2026873,,,,,,Mill Creek Golf Course - South Course
ajga-2026-06-29-moon-golf-junior-all-star-presented-by-auburn-opelika-tourism,AJGA,Mixed,Junior,Junior All-Star,Moon Golf Junior All-Star presented by Auburn-Opelika Tourism,2026-06-29,2026-07-02,Opelika,AL,https://www.ajga.org/tournaments/2026076,,,,,,RTJ Golf Trail at Grand National - Lake Course
ajga-2026-06-29-ajga-girls-junior-all-star-championship,AJGA,Mixed,Junior,Junior All-Star,AJGA Girls Junior All-Star Championship,2026-06-29,2026-07-02,Beloit,WI,https://www.ajga.org/tournaments/2026078,,,,,,The Beloit Club
ajga-2026-06-29-coca-cola-junior-championship-at-the-highlands,AJGA,Mixed,Junior,Open,Coca-Cola Junior Championship at The Highlands,2026-06-29,2026-07-02,Harbor Springs,MI,https://www.ajga.org/tournaments/2026077,,,,,,The Highlands - Moor Course
ajga-2026-06-29-hmg-junior-championship,AJGA,Mixed,Junior,Open,HMG Junior Championship,2026-06-29,2026-07-02,Las Vegas,NV,https://www.ajga.org/tournaments/2026081,,,,,,Spanish Trail Country Club
ajga-2026-06-29-jm-champ-foundation-lola-blankets-junior-championship,AJGA,Mixed,Junior,Open,JM Champ Foundation / Lola Blankets Junior Championship,2026-06-29,2026-07-02,Lehi,UT,https://www.ajga.org/tournaments/2026082,,,,,,Thanksgiving Point Golf Club
ajga-2026-06-30-fm-junior-championship-presented-by-john-d-mineck-foundation,AJGA,Mixed,Junior,Open,FM Junior Championship presented by John D. Mineck Foundation,2026-06-30,2026-07-03,Chicopee,MA,https://www.ajga.org/touranaments/2026079,,,,,,Chicopee Country Club
ajga-2026-06-30-ajga-boys-junior-all-star-at-toftrees,AJGA,Mixed,Junior,Junior All-Star,AJGA Boys Junior All-Star at Toftrees,2026-06-30,2026-07-03,State College,PA,https://www.ajga.org/tournaments/2026080,,,,,,Toftrees Golf Resort
ajga-2026-07-05-ajga-junior-all-star-at-york,AJGA,Mixed,Junior,Junior All-Star,AJGA Junior All-Star at York,2026-07-05,2026-07-07,York,PA,https://www.ajga.org/tournaments/2026088,,,,,,Regents' Glen Country Club
ajga-2026-07-06-wyndham-cup,AJGA,Mixed,Junior,Invitational,Wyndham Cup,2026-07-06,2026-07-09,Plymouth,MA,https://www.ajga.org/tournaments/2026083,,,,,,Old Sandwich Golf Club
ajga-2026-07-06-team-taylormade-cup,AJGA,Mixed,Junior,Junior All-Star,Team TaylorMade Cup,2026-07-06,2026-07-09,Somis,CA,https://www.ajga.org/tournaments/2026084,,,,,,The Saticoy Club
ajga-2026-07-06-jim-ferree-junior-championship,AJGA,Mixed,Junior,Open,Jim Ferree Junior Championship,2026-07-06,2026-07-09,Hilton Head Island,SC,https://www.ajga.org/tournaments/2026085,,,,,,Long Cove Club
ajga-2026-07-06-renewal-by-andersen-d-a-points-junior-open-presented-by-first-american-bank,AJGA,Mixed,Junior,Open,Renewal by Andersen / D.A. Points Junior Open presented by First American Bank,2026-07-06,2026-07-09,Pekin,IL,https://www.ajga.org/tournaments/2026086,,,,,,Pekin Country Club
ajga-2026-07-06-visit-idaho-junior-championship,AJGA,Mixed,Junior,Open,Visit Idaho Junior Championship,2026-07-06,2026-07-09,Eagle,ID,https://www.ajga.org/tournaments/2026089,,,,,,BanBury Golf Course
ajga-2026-07-07-future-legends-junior-championship,AJGA,Mixed,Junior,Open,Future Legends Junior Championship,2026-07-07,2026-07-10,Waukesha,WI,https://www.ajga.org/tournaments/2026087,,,,,,The Legend at Merrill Hills
ajga-2026-07-07-ajga-preview-at-york-presented-by-icl-academy-ages-12-15,AJGA,Mixed,Junior,Preview,AJGA Preview at York presented by ICL Academy (Ages 12-15),2026-07-07,2026-07-09,York,PA,https://www.ajga.org/tournaments/2026888,,,,,,Regents' Glen Country Club
ajga-2026-07-13-mizuno-junior-championship,AJGA,Mixed,Junior,Open,Mizuno Junior Championship,2026-07-13,2026-07-16,Johns Creek,GA,https://www.ajga.org/tournaments/2026097,,,,,,The Standard Club
ajga-2026-07-13-visit-tuscaloosa-junior-championship,AJGA,Mixed,Junior,Open,Visit Tuscaloosa Junior Championship,2026-07-13,2026-07-16,Tuscaloosa,AL,https://www.ajga.org/tournaments/2026090,,,,,,Indian Hills Country Club
ajga-2026-07-13-mccracken-sports-junior-championship-presented-by-paducah-cvb,AJGA,Mixed,Junior,Open,McCracken Sports Junior Championship presented by Paducah CVB,2026-07-13,2026-07-16,Paducah,KY,https://www.ajga.org/tournaments/2026092,,,,,,Country Club of Paducah
ajga-2026-07-13-ajga-northwestern-holding-junior-open,AJGA,Mixed,Junior,Open,AJGA Northwestern Holding Junior Open,2026-07-13,2026-07-16,Sylvania,OH,https://www.ajga.org/tournaments/2026091,,,,,,Sylvania Country Club
ajga-2026-07-13-wvu-medicine-united-hospital-center-junior-championship,AJGA,Mixed,Junior,Open,WVU Medicine United Hospital Center Junior Championship,2026-07-13,2026-07-16,Bridgeport,WV,https://www.ajga.org/tournaments/2026094,,,,,,Bridgeport Country Club
ajga-2026-07-13-k-j-choi-foundation-california-junior-championship,AJGA,Mixed,Junior,Open,K.J. Choi Foundation California Junior Championship,2026-07-13,2026-07-16,San Juan Capistrano,CA,https://www.ajga.org/tournaments/2026095,,,,,,Marbella Country Club
ajga-2026-07-13-ajga-junior-at-copper-valley,AJGA,Mixed,Junior,Open,AJGA Junior at Copper Valley,2026-07-13,2026-07-16,Copperopolis,CA,https://www.ajga.org/tournaments/2026096,,,,,,The Golf Club at Copper Valley
ajga-2026-07-20-arnold-palmer-invitational-junior-presented-by-ninja,AJGA,Mixed,Junior,Open,Arnold Palmer Invitational Junior presented by Ninja,2026-07-20,2026-07-23,Orlando,FL,https://www.ajga.org/tournaments/2026111,,,,,,Arnold Palmer's Bay Hill Club & Lodge
ajga-2026-07-20-under-armour-jordan-spieth-championship,AJGA,Mixed,Junior,Open,Under Armour® / Jordan Spieth Championship,2026-07-20,2026-07-23,Dallas,TX,https://www.ajga.org/tournaments/2026098,,,,,,Trinity Forest Golf Club
ajga-2026-07-20-bass-pro-shops-payne-stewart-junior-championship-presented-by-explore-branson,AJGA,Mixed,Junior,Open,Bass Pro Shops / Payne Stewart Junior Championship presented by Explore Branson,2026-07-20,2026-07-23,Hollister,MO,https://www.ajga.org/tournaments/2026099,,,,,,Buffalo Ridge Golf Course
ajga-2026-07-20-eastside-golf-championship-at-forest-lake,AJGA,Mixed,Junior,Open,Eastside Golf Championship at Forest Lake,2026-07-20,2026-07-23,Bloomfield Hills,MI,https://www.ajga.org/tournaments/2026100,,,,,,Forest Lake Country Club
ajga-2026-07-20-ajga-junior-at-colgate-presented-by-montessori,AJGA,Mixed,Junior,Open,AJGA Junior at Colgate presented by Montessori,2026-07-20,2026-07-23,Hamilton,NY,https://www.ajga.org/tournaments/2026101,,,,,,Seven Oaks Golf Club
ajga-2026-07-20-taylormade-qi4d-junior-all-star,AJGA,Mixed,Junior,Junior All-Star,TaylorMade Qi4D Junior All-Star,2026-07-20,2026-07-23,Vista,CA,https://www.ajga.org/tournaments/2026102,,,,,,The Havens Country Club
ajga-2026-07-20-elk-grove-junior-championship-presented-by-wilton-rancheria,AJGA,Mixed,Junior,Open,Elk Grove Junior Championship presented by Wilton Rancheria,2026-07-20,2026-07-23,Elk Grove,CA,https://www.ajga.org/tournaments/2026103,,,,,,Valley Hi Country Club
ajga-2026-07-26-uswing-sunglasses-junior-championship,AJGA,Mixed,Junior,Open,Uswing Sunglasses Junior Championship,2026-07-26,2026-07-29,Hesperia,CA,https://www.ajga.org/tournaments/2026109,,,,,,Hesperia Golf & Country Club
ajga-2026-07-27-babygrande-atlanta-classic-honoring-gene-siller,AJGA,Mixed,Junior,Open,Babygrande Atlanta Classic honoring Gene Siller,2026-07-27,2026-07-30,Kennesaw,GA,https://www.ajga.org/tournaments/2026104,,,,,,Pinetree Country Club
ajga-2026-07-27-ajga-junior-open-at-the-bridges-presented-by-city-of-montrose,AJGA,Mixed,Junior,Open,AJGA Junior Open at The Bridges presented by City of Montrose,2026-07-27,2026-07-30,Montrose,CO,https://www.ajga.org/tournaments/2026106,,,,,,The Bridges Golf & Country Club
ajga-2026-07-27-am-technical-solutions-junior-at-southpointe,AJGA,Mixed,Junior,Open,AM Technical Solutions Junior at Southpointe,2026-07-27,2026-07-30,Canonsburg,PA,https://www.ajga.org/tournaments/2026108,,,,,,Southpointe Golf Club
ajga-2026-07-27-the-spin-sports-education-foundation-junior-championship,AJGA,Mixed,Junior,Open,The Spin Sports Education Foundation Junior Championship,2026-07-27,2026-07-30,Auburn,CA,https://www.ajga.org/tournaments/2026110,,,,,,The Ridge Golf Course
ajga-2026-07-28-ajga-wichita-junior-championship-presented-by-tgc-group,AJGA,Mixed,Junior,Open,AJGA Wichita Junior Championship presented by TGC Group,2026-07-28,2026-07-31,Andover,KS,https://www.ajga.org/tournaments/2026105,,,,,,Terradyne Country Club
ajga-2026-07-28-ajga-preview-at-quail-creek-presented-by-city-of-robinson,AJGA,Mixed,Junior,Preview,AJGA Preview at Quail Creek presented by City of Robinson,2026-07-28,2026-07-31,Robinson,IL,https://www.ajga.org/tournaments/2026107,,,,,,Quail Creek Country Club & Resort
ajga-2026-07-29-ajga-preview-presented-by-uswing-sunglasses,AJGA,Mixed,Junior,Preview,AJGA Preview presented by Uswing Sunglasses,2026-07-29,2026-07-31,Hesperia,CA,https://www.ajga.org/tournaments/2026809,,,,,,Hesperia Golf & Country Club
ajga-2026-08-02-nemacolin-junior-championship,AJGA,Mixed,Junior,Open,Nemacolin Junior Championship,2026-08-02,2026-08-05,Farmington,PA,https://www.ajga.org/tournaments/2026115,,,,,,Nemacolin - Shepherd's Rock
ajga-2026-08-03-ajga-maryville-junior,AJGA,Mixed,Junior,Open,AJGA Maryville Junior,2026-08-03,2026-08-06,Maryville,MO,https://www.ajga.org/tournaments/2026112,,,,,,Mozingo Lake Golf Course - Sechrest 18
ajga-2026-08-03-ajga-junior-at-indian-springs,AJGA,Mixed,Junior,Open,AJGA Junior at Indian Springs,2026-08-03,2026-08-06,Broken Arrow,OK,https://www.ajga.org/tournaments/2026113,,,,,,Indian Springs Country Club - River Course
ajga-2026-08-03-cbd-golf-club-junior-championship,AJGA,Mixed,Junior,Open,CBD Golf Club Junior Championship,2026-08-03,2026-08-06,Paso Robles,CA,https://www.ajga.org/tournaments/2026117,,,,,,Hunter Ranch Golf Course
ajga-2026-08-04-justin-thomas-junior-championship,AJGA,Mixed,Junior,Open,Justin Thomas Junior Championship,2026-08-04,2026-08-07,Goshen,KY,https://www.ajga.org/tournaments/2026114,,,,,,Harmony Landing Country Club
ajga-2026-08-04-the-memorial-junior,AJGA,Mixed,Junior,Open,the Memorial Junior,2026-08-04,2026-08-06,Columbus,OH,https://www.ajga.org/tournaments/2026093,,,,,,The Ohio State University Golf Club - Scarlet Course
ajga-2026-08-04-kevin-harvick-foundation-junior-championship-presented-by-uswing-sunglasses,AJGA,Mixed,Junior,Open,Kevin Harvick Foundation Junior Championship presented by Uswing Sunglasses,2026-08-04,2026-08-07,Bakersfield,CA,https://www.ajga.org/tournaments/2026116,,,,,,Bakersfield Country Club
ajga-2026-08-09-beau-hossler-junior-championship-presented-by-uhy,AJGA,Mixed,Junior,Open,Beau Hossler Junior Championship presented by UHY,2026-08-09,2026-08-12,Mission Viejo,CA,https://www.ajga.org/tournaments/2026123,,,,,,Mission Viejo Country Club
ajga-2026-08-10-the-northern-neck-junior-all-star-at-indian-creek,AJGA,Mixed,Junior,Junior All-Star,The Northern Neck Junior All-Star at Indian Creek,2026-08-10,2026-08-13,Kilmarnock,VA,https://www.ajga.org/tournaments/2026118,,,,,,Indian Creek Yacht & Country Club
ajga-2026-08-10-randy-wise-junior-open-presented-by-genesee-county,AJGA,Mixed,Junior,Open,Randy Wise Junior Open presented by Genesee County,2026-08-10,2026-08-13,Linden,MI,https://www.ajga.org/tournaments/2026120,,,,,,Spring Meadows Country Club
hjgt-2026-05-16-cobblestone-junior-open,HJGT,Mixed,Junior,Open,Cobblestone Junior Open,2026-05-16,2026-05-17,Acworth,GA,https://tournaments.hjgt.org/Tournament/TournamentDetails?TID=32229&TnmtDate=NaN&TnmtName=CobblestoneJunior%20Open,,,,,,Cobblestone Golf Course
hjgt-2026-05-16-college-prep-series-at-denison,HJGT,Mixed,Junior,College Prep,College Prep Series at Denison,2026-05-16,2026-05-17,Granville,OH,https://tournaments.hjgt.org/Tournament/TournamentDetails?TID=32232&TnmtDate=NaN&TnmtName=CollegePrep%20Series%20at%20Denison,,,,,,Denison Golf Club
hjgt-2026-05-16-major-championship-at-countryside,HJGT,Mixed,Junior,Major,Major Championship at Countryside,2026-05-16,2026-05-17,Mundelein,IL,https://tournaments.hjgt.org/Tournament/TournamentDetails?TID=32231&TnmtDate=NaN&TnmtName=MajorChampionship%20at%20Countryside,,,,,,Countryside Golf Club - Traditional
hjgt-2026-05-16-massachusetts-spring-junior-open,HJGT,Mixed,Junior,Open,Massachusetts Spring Junior Open,2026-05-16,2026-05-17,Lakeville,MA,https://tournaments.hjgt.org/Tournament/TournamentDetails?TID=32235&TnmtDate=NaN&TnmtName=MassachusettsSpring%20Junior%20Open,,,,,,Poquoy Brook Golf Course
hjgt-2026-05-16-northern-nj-spring-junior-open,HJGT,Mixed,Junior,Open,Northern NJ Spring Junior Open,2026-05-16,2026-05-17,West Trenton,NJ,https://tournaments.hjgt.org/Tournament/TournamentDetails?TID=32230&TnmtDate=NaN&TnmtName=NorthernNJ%20Spring%20Junior%20Open,,,,,,Mountain View Golf Course
hjgt-2026-05-16-orlando-junior-open-at-hawks-landing,HJGT,Mixed,Junior,Open,Orlando Junior Open at Hawks Landing,2026-05-16,2026-05-17,Orlando,FL,https://tournaments.hjgt.org/Tournament/TournamentDetails?TID=32233&TnmtDate=NaN&TnmtName=OrlandoJunior%20Open%20at%20Hawks%20Landing,,,,,,Hawks Landing Golf Club
hjgt-2026-05-16-saint-louis-spring-kickoff,HJGT,Mixed,Junior,Open,Saint Louis Spring Kickoff,2026-05-16,2026-05-17,Alton,IL,https://tournaments.hjgt.org/Tournament/TournamentDetails?TID=32234&TnmtDate=NaN&TnmtName=SaintLouis%20Spring%20Kickoff,,,,,,Spencer T. Olin Golf Course - Spencer T Olin Community
hjgt-2026-05-23-54-hole-alabama-junior-open,HJGT,Mixed,Junior,Open,54 Hole Alabama Junior Open,2026-05-23,2026-05-25,Flat Rock,AL,https://tournaments.hjgt.org/Tournament/TournamentDetails?TID=32237&TnmtDate=NaN&TnmtName=54Hole%20Alabama%20Junior%20Open,,,,,,Dogwood Hills Resort & Gardens - Dogwood Hills & Gardens
hjgt-2026-05-23-54-hole-carolinas-junior-open,HJGT,Mixed,Junior,Open,54 Hole Carolinas Junior Open,2026-05-23,2026-05-25,Greensboro,NC,https://tournaments.hjgt.org/Tournament/TournamentDetails?TID=32241&TnmtDate=NaN&TnmtName=54Hole%20Carolinas%20Junior%20Open,,,,,,Forest Oaks Country Club
hjgt-2026-05-23-54-hole-kansas-city-junior-open,HJGT,Mixed,Junior,Open,54 Hole Kansas City Junior Open,2026-05-23,2026-05-25,Richmond,MO,https://tournaments.hjgt.org/Tournament/TournamentDetails?TID=32238&TnmtDate=NaN&TnmtName=54Hole%20Kansas%20City%20Junior%20Open,,,,,,Shirkey Golf Club
hjgt-2026-05-23-54-hole-lpga-junior-open,HJGT,Mixed,Junior,Open,54 Hole LPGA Junior Open,2026-05-23,2026-05-25,Daytona Beach,FL,https://tournaments.hjgt.org/Tournament/TournamentDetails?TID=32236&TnmtDate=NaN&TnmtName=54Hole%20LPGA%20Junior%20Open,,,,,,LPGA International Golf Club - Jones
hjgt-2026-05-23-54-hole-new-york-junior-open,HJGT,Mixed,Junior,Open,54 Hole New York Junior Open,2026-05-23,2026-05-25,Guilderland,NY,https://tournaments.hjgt.org/Tournament/TournamentDetails?TID=32242&TnmtDate=NaN&TnmtName=54Hole%20New%20York%20Junior%20Open,,,,,,Western Turnpike Golf Club - Blue/Red
hjgt-2026-05-23-54-hole-philadelphia-junior-open,HJGT,Mixed,Junior,Open,54 Hole Philadelphia Junior Open,2026-05-23,2026-05-25,Avondale,PA,https://tournaments.hjgt.org/Tournament/TournamentDetails?TID=32239&TnmtDate=NaN&TnmtName=54Hole%20Philadelphia%20Junior%20Open,,,,,,Inniscrone Golf Club
hjgt-2026-05-23-college-prep-series-at-kent-state-54-holes,HJGT,Mixed,Junior,College Prep,College Prep Series at Kent State (54 Holes),2026-05-23,2026-05-25,Ravenna,OH,https://tournaments.hjgt.org/Tournament/TournamentDetails?TID=32240&TnmtDate=NaN&TnmtName=CollegePrep%20Series%20at%20Kent%20State%20(54%20Holes,,,,,,Windmill Lakes Golf Club
hjgt-2026-05-30-college-prep-series-at-penn-state,HJGT,Mixed,Junior,College Prep,College Prep Series at Penn State,2026-05-30,2026-05-31,State College,PA,https://tournaments.hjgt.org/Tournament/TournamentDetails?TID=32248&TnmtDate=NaN&TnmtName=CollegePrep%20Series%20at%20Penn%20State,,,,,,Penn State Golf Club - Blue
hjgt-2026-05-30-kingsmill-junior-open,HJGT,Mixed,Junior,Open,Kingsmill Junior Open,2026-05-30,2026-05-31,Williamsburg,VA,https://tournaments.hjgt.org/Tournament/TournamentDetails?TID=32245&TnmtDate=NaN&TnmtName=KingsmillJunior%20Open,,,,,,Kingsmill Country Club - Plantation
hjgt-2026-05-30-major-championship-at-crosswinds,HJGT,Mixed,Junior,Major,Major Championship at Crosswinds,2026-05-30,2026-05-31,Plymouth,MA,https://tournaments.hjgt.org/Tournament/TournamentDetails?TID=32246&TnmtDate=NaN&TnmtName=MajorChampionship%20at%20Crosswinds,,,,,,Crosswinds Golf Club - Zaharias \| Crosswinds Golf Club - Jones
hjgt-2026-05-30-major-championship-at-village-golf-course,HJGT,Mixed,Junior,Major,Major Championship at Village Golf Course,2026-05-30,2026-05-31,Royal Palm Beach,FL,https://tournaments.hjgt.org/Tournament/TournamentDetails?TID=32243&TnmtDate=NaN&TnmtName=MajorChampionship%20at%20Village%20Golf%20Course,,,,,,Village Golf Course
hjgt-2026-05-30-major-championship-at-weissinger-hills,HJGT,Mixed,Junior,Major,Major Championship at Weissinger Hills,2026-05-30,2026-05-31,Shelbyville,KY,https://tournaments.hjgt.org/Tournament/TournamentDetails?TID=32249&TnmtDate=NaN&TnmtName=MajorChampionship%20at%20Weissinger%20Hills,,,,,,Weissinger Hills Golf Course
hjgt-2026-05-30-new-jersey-junior-open,HJGT,Mixed,Junior,Open,New Jersey Junior Open,2026-05-30,2026-05-31,Flanders,NJ,https://tournaments.hjgt.org/Tournament/TournamentDetails?TID=32247&TnmtDate=NaN&TnmtName=NewJersey%20Junior%20Open,,,,,,Flanders Valley Golf Club - Blue \| Flanders Valley Golf Club - White
hjgt-2026-05-30-north-georgia-junior-open-at-the-chimney-s,HJGT,Mixed,Junior,Open,North Georgia Junior Open at The Chimney's,2026-05-30,2026-05-31,Winder,GA,https://tournaments.hjgt.org/Tournament/TournamentDetails?TID=32244&TnmtDate=NaN&TnmtName=NorthGeorgia%20Junior%20Open%20at%20The%20Chimney%27s,,,,,,The Chimneys Golf Course
ijgt-2026-05-23-ijgt-may-classic-at-mid-pines,IJGT,Mixed,Junior,Open,IJGT May Classic at Mid Pines,2026-05-23,2026-05-24,Southern Pines,NC,https://ijgt.com/schedule/,,,,,,Mid Pines Inn & Golf Club
ijgt-2026-06-06-ijgt-summer-kickoff-at-pinehurst,IJGT,Mixed,Junior,Open,IJGT Summer Kickoff at Pinehurst,2026-06-06,2026-06-07,Pinehurst,NC,https://ijgt.com/schedule/,,,,,,Pinehurst No. 8
ijgt-2026-06-13-ijgt-junior-championship-at-the-cliffs,IJGT,Mixed,Junior,Championship,IJGT Junior Championship at The Cliffs,2026-06-13,2026-06-14,Travelers Rest,SC,https://ijgt.com/schedule/,,,,,,The Cliffs Valley
ijgt-2026-06-20-ijgt-tour-championship-qualifier-east,IJGT,Mixed,Junior,Qualifier,IJGT Tour Championship Qualifier - East,2026-06-20,2026-06-21,Bluffton,SC,https://ijgt.com/schedule/,,,,,,Old South Golf Links
ijgt-2026-07-11-ijgt-summer-major-at-mountain-air,IJGT,Mixed,Junior,Major,IJGT Summer Major at Mountain Air,2026-07-11,2026-07-12,Burnsville,NC,https://ijgt.com/schedule/,,,,,,Mountain Air Country Club
ijgt-2026-07-18-ijgt-race-to-scotland-event-1,IJGT,Mixed,Junior,Race to Scotland,IJGT Race to Scotland - Event 1,2026-07-18,2026-07-19,Hilton Head Island,SC,https://ijgt.com/schedule/,,,,,,Palmetto Hall Plantation
ijgt-2026-08-01-ijgt-race-to-scotland-event-2,IJGT,Mixed,Junior,Race to Scotland,IJGT Race to Scotland - Event 2,2026-08-01,2026-08-02,Charleston,SC,https://ijgt.com/schedule/,,,,,,Charleston National Golf Club
ijgt-2026-08-15-ijgt-tour-championship,IJGT,Mixed,Junior,Tour Championship,IJGT Tour Championship,2026-08-15,2026-08-17,Bluffton,SC,https://ijgt.com/schedule/,,,,,,Belfair Plantation
ijgt-2026-09-12-ijgt-fall-classic-at-reynolds-lake-oconee,IJGT,Mixed,Junior,Open,IJGT Fall Classic at Reynolds Lake Oconee,2026-09-12,2026-09-13,Greensboro,GA,https://ijgt.com/schedule/,,,,,,Reynolds Lake Oconee - Great Waters
ijgt-2026-10-10-ijgt-international-junior-masters,IJGT,Mixed,Junior,International,IJGT International Junior Masters,2026-10-10,2026-10-12,Bluffton,SC,https://ijgt.com/schedule/,,,,,,Berkeley Hall Club
fcg-2026-01-03-north-south-team-cup-fcg-vs-vcjga,Future Champions Golf,Mixed,Junior,Open,North South Team Cup (FCG vs VCJGA),2026-01-03,2026-01-03,Palm Desert,CA,https://www.bluegolf.com/junior/events/fcg267/index.html,,,,,,Desert Falls CC
fcg-2026-01-10-national-tour-spring-series-opener,Future Champions Golf,Mixed,Junior,Open,National Tour Spring Series Opener,2026-01-10,2026-01-10,San Marcos,CA,https://www.bluegolf.com/junior/events/fcg262/index.html,,,,,,Twin Oaks Golf Course
fcg-2026-01-12-fcg-japan-series-1,Future Champions Golf,Mixed,Junior,Open,FCG Japan Series #1,2026-01-12,2026-01-12,Tochigi City,,https://www.bluegolf.com/junior/events/fcg2663/index.html,,,,,,Tsuga CC - North/East
fcg-2026-01-16-fcg-asia-pacific-championship,Future Champions Golf,Mixed,Junior,Open,FCG Asia Pacific Championship,2026-01-16,2026-01-16,Jakarta,,https://www.bluegolf.com/junior/events/fcg2645/index.html,,,,,,GUNUNG GEULIS WEST
fcg-2026-01-17-national-tour-san-marcos-open,Future Champions Golf,Mixed,Junior,Open,National Tour San Marcos Open,2026-01-17,2026-01-17,San Marcos,CA,https://www.bluegolf.com/junior/events/fcg265/index.html,,,,,,The Links at Lakehouse
fcg-2026-01-17-national-tour-northern-ca-opener,Future Champions Golf,Mixed,Junior,Open,National Tour Northern CA Opener,2026-01-17,2026-01-17,Hollister,CA,https://www.bluegolf.com/junior/events/fcg2652/index.html,,,,,,San Juan Oaks
fcg-2026-01-19-fcg-new-zealand-championship,Future Champions Golf,Mixed,Junior,Open,FCG New Zealand Championship,2026-01-19,2026-01-19,Papakura,,https://www.bluegolf.com/junior/events/fcg266/index.html,,,,,,Windross Farm
fcg-2026-01-24-national-tour-las-vegas-junior,Future Champions Golf,Mixed,Junior,Open,National Tour Las Vegas Junior,2026-01-24,2026-01-24,Las Vegas,NV,https://www.bluegolf.com/junior/events/fcg2611/index.html,,,,,,Las Vegas GC
fcg-2026-01-31-national-tour-valley-open,Future Champions Golf,Mixed,Junior,Open,National Tour Valley Open,2026-01-31,2026-01-31,Fallbrook,CA,https://www.bluegolf.com/junior/events/fcg2612/index.html,,,,,,Pala Mesa Resort
fcg-2026-02-07-national-tour-1-day-series-temecula,Future Champions Golf,Mixed,Junior,Open,National Tour 1-Day Series Temecula,2026-02-07,2026-02-07,Temecula,CA,https://www.bluegolf.com/junior/events/fcg2623/index.html,,,,,,Temecula Creek GC - O/C
fcg-2026-02-14-three-nations-cup-invitational-team,Future Champions Golf,Mixed,Junior,Open,Three Nations Cup Invitational Team,2026-02-14,2026-02-14,Menifee,CA,https://www.bluegolf.com/junior/events/fcg2644/index.html,,,,,,Menifee Lakes CC - Lakes
fcg-2026-02-14-18th-annual-fcg-western-states-cup,Future Champions Golf,Mixed,Junior,Open,18Th Annual FCG Western States Cup,2026-02-14,2026-02-14,Menifee,CA,https://www.bluegolf.com/junior/events/fcg269/index.html,,,,,,Menifee Lakes CC - Palms
fcg-2026-02-21-national-tour-palm-springs-open,Future Champions Golf,Mixed,Junior,Open,National Tour Palm Springs Open,2026-02-21,2026-02-21,Cathedral City,CA,https://www.bluegolf.com/junior/events/fcg2618/index.html,,,,,,Cimarron Resort - Boulder
fcg-2026-02-21-national-tour-nor-cal-bay-view,Future Champions Golf,Mixed,Junior,Open,National Tour Nor Cal Bay View,2026-02-21,2026-02-21,Milpitas,CA,https://www.bluegolf.com/junior/events/fcg2646/index.html,,,,,,Bay View GC
fcg-2026-02-28-national-tour-coastal-challenge,Future Champions Golf,Mixed,Junior,Open,National Tour Coastal Challenge,2026-02-28,2026-02-28,Oceanside,CA,https://www.bluegolf.com/junior/events/fcg2625/index.html,,,,,,Arrowood GC
fcg-2026-03-07-national-tour-temecula-championship,Future Champions Golf,Mixed,Junior,Open,National Tour Temecula Championship,2026-03-07,2026-03-07,Temecula,CA,https://www.bluegolf.com/junior/events/fcg2622/index.html,,,,,,Temecula Creek GC - O/C
fcg-2026-03-14-fcg-texas-championship-jwq-ages-13-18,Future Champions Golf,Mixed,Junior,Open,FCG TEXAS CHAMPIONSHIP (JWQ Ages 13-18),2026-03-14,2026-03-14,Dallas,TX,https://www.bluegolf.com/junior/events/fcg2610/index.html,,,,,,Bear Creek GC- East
fcg-2026-03-14-fcg-washington-championship-world-series,Future Champions Golf,Mixed,Junior,Open,FCG WASHINGTON CHAMPIONSHIP World Series,2026-03-14,2026-03-14,University Place,WA,https://www.bluegolf.com/junior/events/fcg2650/index.html,,,,,,Chambers Bay
fcg-2026-03-21-national-tour-lakehouse-pala-mesa,Future Champions Golf,Mixed,Junior,Open,National Tour Lakehouse / Pala Mesa,2026-03-21,2026-03-21,San Marcos,CA,https://www.bluegolf.com/junior/events/fcg2624/index.html,,,,,,The Links at Lakehouse
fcg-2026-03-28-national-tour-spring-break-junior,Future Champions Golf,Mixed,Junior,Open,National Tour Spring Break Junior,2026-03-28,2026-03-28,San Marcos,CA,https://www.bluegolf.com/junior/events/fcg2626/index.html,,,,,,Twin Oaks Golf Course
fcg-2026-03-28-fcg-west-coast-championship,Future Champions Golf,Mixed,Junior,Open,FCG West Coast Championship,2026-03-28,2026-03-28,North Plains,OR,https://www.bluegolf.com/junior/events/fcg2647/index.html,,,,,,Pumpkin Ridge - GC
fcg-2026-03-28-national-tour-nor-cal-at-del-monte,Future Champions Golf,Mixed,Junior,Open,National Tour Nor Cal at Del Monte,2026-03-28,2026-03-28,Monterey,CA,https://www.bluegolf.com/junior/events/fcg2664/index.html,,,,,,Del Monte GC
fcg-2026-04-04-fcg-las-vegas-championship-week-1-jwq,Future Champions Golf,Mixed,Junior,Open,FCG LAS VEGAS CHAMPIONSHIP (Week 1 JWQ,2026-04-04,2026-04-04,Las Vegas,NV,https://www.bluegolf.com/junior/events/fcg2614/index.html,,,,,,Las Vegas GC
fcg-2026-04-11-fcg-las-vegas-championship-week-2-jwq,Future Champions Golf,Mixed,Junior,Open,FCG LAS VEGAS CHAMPIONSHIP (Week 2 JWQ),2026-04-11,2026-04-11,Las Vegas,NV,https://www.bluegolf.com/junior/events/fcg2613/index.html,,,,,,Painted Desert Golf Club
fcg-2026-04-25-national-tour-oregon-spring-slam,Future Champions Golf,Mixed,Junior,Open,National Tour Oregon Spring Slam,2026-04-25,2026-04-25,Aloha,OR,https://www.bluegolf.com/junior/events/fcg2649/index.html,,,,,,Reserve Vineyards GC- Nor
fcg-2026-05-02-national-tour-seaside-junior,Future Champions Golf,Mixed,Junior,Open,National Tour Seaside Junior,2026-05-02,2026-05-02,Oceanside,CA,https://www.bluegolf.com/junior/events/fcg2639/index.html,,,,,,Arrowood GC
fcg-2026-05-09-national-tour-spring-challenge,Future Champions Golf,Mixed,Junior,Open,National Tour Spring Challenge,2026-05-09,2026-05-09,San Diego,CA,https://www.bluegolf.com/junior/events/fcg2628/index.html,,,,,,Rancho Bernardo Inn
fcg-2026-05-09-fcg-montana-championship-jwq-13-18,Future Champions Golf,Mixed,Junior,Open,FCG Montana Championship (JWQ 13-18),2026-05-09,2026-05-09,Missoula,MT,https://www.bluegolf.com/junior/events/fcg2651/index.html,,,,,,Canyon River GC
fcg-2026-05-16-18th-annual-fcg-memorial-championship,Future Champions Golf,Mixed,Junior,Open,18Th Annual FCG Memorial Championship,2026-05-16,2026-05-16,Palm Springs,CA,https://www.bluegolf.com/junior/events/fcg2634/index.html,,,,,,Tahquitz Creek - Legend
fcg-2026-05-23-national-tour-spring-series-championship,Future Champions Golf,Mixed,Junior,Open,National Tour Spring Series Championship,2026-05-23,2026-05-23,Temecula,CA,https://www.bluegolf.com/junior/events/fcg2617/index.html,,,,,,Temecula Creek GC - O/C
fcg-2026-05-23-fcg-oregon-memorial-championship,Future Champions Golf,Mixed,Junior,Open,FCG Oregon Memorial Championship,2026-05-23,2026-05-23,Oregon City,OR,https://www.bluegolf.com/junior/events/fcg2648/index.html,,,,,,Stone Creek
fcg-2026-05-30-fcg-los-angeles-championship,Future Champions Golf,Mixed,Junior,Open,FCG Los Angeles Championship,2026-05-30,2026-05-30,Diamond Bar,CA,https://www.bluegolf.com/junior/events/fcg2635/index.html,,,,,,Diamond Bar Golf Club
fcg-2026-06-12-5th-annual-fcg-cabo-world-series,Future Champions Golf,Mixed,Junior,Open,5Th Annual FCG Cabo World Series,2026-06-12,2026-06-12,San Jose del Cabo,,https://www.bluegolf.com/junior/events/fcg2638/index.html,,,,,,Palmilla GC - A/M
fcg-2026-06-17-3rd-annual-fcg-tournament-of-champions,Future Champions Golf,Mixed,Junior,Open,3rd Annual FCG Tournament of Champions,2026-06-17,2026-06-17,Encinitas,CA,https://www.bluegolf.com/junior/events/fcg2637/index.html,,,,,,Encinitas Ranch GC
fcg-2026-06-20-13th-annual-fcg-challenge-cup,Future Champions Golf,Mixed,Junior,Open,13Th Annual FCG Challenge Cup,2026-06-20,2026-06-20,San Marcos,CA,https://www.bluegolf.com/junior/events/fcg2640/index.html,,,,,,Twin Oaks Golf Course
fcg-2026-06-23-the-fcg-amateur-championship-age-13-23,Future Champions Golf,Mixed,Junior,Open,THE FCG AMATEUR CHAMPIONSHIP (Age 13-23),2026-06-23,2026-06-25,Goleta,CA,https://www.bluegolf.com/junior/events/fcg2641/index.html,,,,,,Sandpiper GC
fcg-2026-06-29-19th-annual-fcg-international,Future Champions Golf,Mixed,Junior,Open,19Th Annual FCG International,2026-06-29,2026-07-03,Fallbrook,CA,https://www.bluegolf.com/junior/events/fcg261/index.html,,,,,,Pala Mesa Resort
fcg-2026-07-03-fcg-international-stableford-ages-11-18,Future Champions Golf,Mixed,Junior,Open,FCG International Stableford Ages 11-18,2026-07-03,2026-07-03,San Marcos,CA,https://www.bluegolf.com/junior/events/fcg2620/index.html,,,,,,Twin Oaks Golf Course
fcg-2026-07-06-ntl-summer-36-hole-the-crosby-cc,Future Champions Golf,Mixed,Junior,Open,NTL Summer 36-Hole @ The Crosby CC,2026-07-06,2026-07-06,San Diego,CA,https://www.bluegolf.com/junior/events/fcg2615/index.html,,,,,,The Crosby
fcg-2026-07-13-fcg-callaway-world-championship,Future Champions Golf,Mixed,Junior,Open,FCG Callaway World Championship,2026-07-13,2026-07-15,Palm Desert,CA,https://www.bluegolf.com/junior/events/fcg268/index.html,,,,,,Desert Willow - Mt. View
fcg-2026-07-17-9th-annual-fcg-boys-college-showcase,Future Champions Golf,Mixed,Junior,Open,9Th Annual FCG Boys College Showcase,2026-07-17,2026-07-17,Oceanside,CA,https://www.bluegolf.com/junior/events/fcg2632/index.html,,,,,,Arrowood GC
fcg-2026-07-19-7th-annual-fcg-girls-college-showcase,Future Champions Golf,Mixed,Junior,Open,7Th Annual FCG Girls College Showcase,2026-07-19,2026-07-19,Oceanside,CA,https://www.bluegolf.com/junior/events/fcg2633/index.html,,,,,,Arrowood GC
fcg-2026-08-04-fcg-world-series-global-cup,Future Champions Golf,Mixed,Junior,Open,FCG World Series Global Cup,2026-08-04,2026-08-04,Encinitas,CA,https://www.bluegolf.com/junior/events/fcg2630/index.html,,,,,,Encinitas Ranch GC
met-pga-2026-05-09-future-series-eisenhower-white-may,Met PGA Junior,Mixed,Junior,Open,Future Series: Eisenhower White (May),2026-05-09,2026-05-10,East Meadow,NY,https://www.bluegolf.com/junior/events/metpgajr263/index.html,,,,,,Eisenhower Park GC- White
met-pga-2026-05-16-future-series-bethpage-blue-may,Met PGA Junior,Mixed,Junior,Open,Future Series: Bethpage Blue (May),2026-05-16,2026-05-17,Farmingdale,NY,https://www.bluegolf.com/junior/events/metpgajr262/index.html,,,,,,Bethpage State Park-Blue
met-pga-2026-05-30-future-series-bethpage-red,Met PGA Junior,Mixed,Junior,Open,Future Series: Bethpage Red,2026-05-30,2026-05-31,Farmingdale,NY,https://www.bluegolf.com/junior/events/metpgajr261/index.html,,,,,,Bethpage SP - Red
met-pga-2026-06-13-future-series-eisenhower-white-june,Met PGA Junior,Mixed,Junior,Open,Future Series: Eisenhower White (June),2026-06-13,2026-06-14,East Meadow,NY,https://www.bluegolf.com/junior/events/metpgajr264/index.html,,,,,,Eisenhower Park GC- White
met-pga-2026-06-29-met-junior-pga-championship,Met PGA Junior,Mixed,Junior,Open,Met Junior PGA Championship,2026-06-29,2026-06-30,Mamaroneck,NY,https://www.bluegolf.com/junior/events/metpgajr2648/index.html,,,,,,Hampshire CC
met-pga-2026-07-07-future-series-spook-rock-gc,Met PGA Junior,Mixed,Junior,Open,Future Series @ Spook Rock GC,2026-07-07,2026-07-08,Suffern,NY,https://www.bluegolf.com/junior/events/metpgajr2640/index.html,,,,,,Spook Rock GC
met-pga-2026-07-13-future-series-eisenhower-red,Met PGA Junior,Mixed,Junior,Open,Future Series @ Eisenhower Red,2026-07-13,2026-07-14,East Meadow,NY,https://www.bluegolf.com/junior/events/metpgajr2646/index.html,,,,,,Eisenhower Park GC- Red
met-pga-2026-07-20-new-york-city-championship,Met PGA Junior,Mixed,Junior,Open,New York City Championship,2026-07-20,2026-07-21,Bronx,NY,https://www.bluegolf.com/junior/events/metpgajr2639/index.html,,,,,,Pelham Bay GC
met-pga-2026-07-28-future-series-bethpage-green,Met PGA Junior,Mixed,Junior,Open,Future Series @ Bethpage Green,2026-07-28,2026-07-29,Farmingdale,NY,https://www.bluegolf.com/junior/events/metpgajr268/index.html,,,,,,Bethpage S.P.- Green
met-pga-2026-08-03-michael-hebron-junior-classic,Met PGA Junior,Mixed,Junior,Open,Michael Hebron Junior Classic,2026-08-03,2026-08-04,Smithtown,NY,https://www.bluegolf.com/junior/events/metpgajr2613/index.html,,,,,,Smithtown Landing
met-pga-2026-08-11-future-series-wind-watch-g-cc,Met PGA Junior,Mixed,Junior,Open,Future Series @ Wind Watch G&CC,2026-08-11,2026-08-12,Hauppauge,NY,https://www.bluegolf.com/junior/events/metpgajr2641/index.html,,,,,,Wind Watch G&C
met-pga-2026-08-19-future-series-willow-creek-g-cc,Met PGA Junior,Mixed,Junior,Open,Future Series @ Willow Creek G&CC,2026-08-19,2026-08-20,Mount Sinai,NY,https://www.bluegolf.com/junior/events/metpgajr2660/index.html,,,,,,Hamlet at Willow Creek
met-pga-2026-08-24-tour-championship,Met PGA Junior,Mixed,Junior,Open,Tour Championship,2026-08-24,2026-08-25,Jericho,NY,https://www.bluegolf.com/junior/events/metpgajr2644/index.html,,,,,,Meadow Brook Club
met-pga-2026-08-27-match-play-championship,Met PGA Junior,Mixed,Junior,Open,Match Play Championship,2026-08-27,2026-08-28,Old Westbury,NY,https://www.bluegolf.com/junior/events/metpgajr2670/index.html,,,,,,Glen Oaks Club - Red/Whit
met-pga-2026-09-19-future-series-bethpage-red-september,Met PGA Junior,Mixed,Junior,Open,Future Series @ Bethpage Red September,2026-09-19,2026-09-20,Farmingdale,NY,https://www.bluegolf.com/junior/events/metpgajr2611/index.html,,,,,,Bethpage SP - Red
met-pga-2026-09-26-future-series-eisenhower-white-gc,Met PGA Junior,Mixed,Junior,Open,Future Series @ Eisenhower White GC,2026-09-26,2026-09-27,East Meadow,NY,https://www.bluegolf.com/junior/events/metpgajr2667/index.html,,,,,,Eisenhower Park GC- White
met-pga-2026-10-03-future-series-cherry-creek,Met PGA Junior,Mixed,Junior,Open,Future Series @ Cherry Creek,2026-10-03,2026-10-04,Riverhead,NY,https://www.bluegolf.com/junior/events/metpgajr2668/index.html,,,,,,Cherry Creek GL- Links
met-pga-2026-10-17-future-series-bethpage-blue-october,Met PGA Junior,Mixed,Junior,Open,Future Series @ Bethpage Blue (October),2026-10-17,2026-10-18,Farmingdale,NY,https://www.bluegolf.com/junior/events/metpgajr2612/index.html,,,,,,Bethpage State Park-Blue
met-pga-2026-10-24-future-series-eisenhower-white-oct,Met PGA Junior,Mixed,Junior,Open,Future Series @ Eisenhower White (Oct),2026-10-24,2026-10-25,East Meadow,NY,https://www.bluegolf.com/junior/events/metpgajr2669/index.html,,,,,,Eisenhower Park GC- White
pkbgt-2026-07-14-nb3-pkbgt-girls-kentucky-qualifier,PKBGT,Women,Junior,Open,NB3/PKBGT Girls Kentucky Qualifier,2026-07-14,2026-07-15,Bardstown,KY,https://www.pkbgt.org/schedule.php,,,,,,Bardstown CC
pkbgt-2026-07-15-wgap-girls-championship,PKBGT,Women,Junior,Open,WGAP Girls Championship,2026-07-15,2026-07-16,Honey Brook,PA,https://www.pkbgt.org/schedule.php,,,,,,Honeybrook Country Club
pkbgt-2026-07-18-delaware-valley-series,PKBGT,Women,Junior,Open,Delaware Valley Series,2026-07-18,2026-07-18,Philadelphia,PA,https://www.pkbgt.org/schedule.php,,,,,,Walnut Lane Golf Club
pkbgt-2026-07-21-nb3-pkbgt-girls-new-york-qualifier,PKBGT,Women,Junior,Open,NB3/PKBGT Girls New York Qualifier,2026-07-21,2026-07-22,East Meadow,NY,https://www.pkbgt.org/schedule.php,,,,,,Eisenhower Park GC (White)
pkbgt-2026-07-21-wgap-rita-cooper-cup,PKBGT,Women,Junior,Open,WGAP Rita Cooper Cup,2026-07-21,2026-07-21,Philadelphia,PA,https://www.pkbgt.org/schedule.php,,,,,,Bala Golf Club
pkbgt-2026-07-23-nb3-pkbgt-girls-indiana-qualifier,PKBGT,Women,Junior,Open,NB3/PKBGT Girls Indiana Qualifier,2026-07-23,2026-07-24,Franklin,IN,https://www.pkbgt.org/schedule.php,,,,,,Legends of Indiana
pkbgt-2026-07-24-middle-atlantic-series,PKBGT,Women,Junior,Open,Middle Atlantic Series,2026-07-24,2026-07-24,Williamsburg,VA,https://www.pkbgt.org/schedule.php,,,,,,Williamsburg National (Yorktown)
pkbgt-2026-07-27-nb3-pkbgt-girls-virginia-qualifier,PKBGT,Women,Junior,Open,NB3/PKBGT Girls Virginia Qualifier,2026-07-27,2026-07-28,Williamsburg,VA,https://www.pkbgt.org/schedule.php,,,,,,Kingsmill Resort (Plantation)
pkbgt-2026-07-31-nb3-pkbgt-girls-michigan-qualifier,PKBGT,Women,Junior,Open,NB3/PKBGT Girls Michigan Qualifier,2026-07-31,2026-08-01,Coldwater,MI,https://www.pkbgt.org/schedule.php,,,,,,GC of Coldwater
pkbgt-2026-08-03-nb3-pkbgt-girls-colorado-qualifier,PKBGT,Women,Junior,Open,NB3/PKBGT Girls Colorado Qualifier,2026-08-03,2026-08-04,Aurora,CO,https://www.pkbgt.org/schedule.php,,,,,,Commonground GC
pkbgt-2026-08-07-pkbgt-tour-championship,PKBGT,Women,Junior,Open,PKBGT Tour Championship,2026-08-07,2026-08-09,Southern Pines,NC,https://www.pkbgt.org/schedule.php,,,,,,Pine Needles Lodge & GC
pkbgt-2026-08-08-georgia-series,PKBGT,Women,Junior,Open,Georgia Series,2026-08-08,2026-08-08,Eatonton,GA,https://www.pkbgt.org/schedule.php,,,,,,Uncle Remus Golf Club
pkbgt-2026-08-09-middle-atlantic-series,PKBGT,Women,Junior,Open,Middle Atlantic Series,2026-08-09,2026-08-09,Crofton,MD,https://www.pkbgt.org/schedule.php,,,,,,Crofton Country Club
pkbgt-2026-08-10-north-carolina-series,PKBGT,Women,Junior,Open,North Carolina Series,2026-08-10,2026-08-10,Browns Summit,NC,https://www.pkbgt.org/schedule.php,,,,,,Crooked Tree GC
pkbgt-2026-08-15-nb3-pkbgt-girls-north-carolina-qualifier,PKBGT,Women,Junior,Open,NB3/PKBGT Girls North Carolina Qualifier,2026-08-15,2026-08-16,Goldsboro,NC,https://www.pkbgt.org/schedule.php,,,,,,Lane Tree GC
pkbgt-2026-08-15-south-carolina-series,PKBGT,Women,Junior,Open,South Carolina Series,2026-08-15,2026-08-15,Columbia,SC,https://www.pkbgt.org/schedule.php,,,,,,Spring Valley Country Club
pkbgt-2026-08-15-delaware-valley-series,PKBGT,Women,Junior,Open,Delaware Valley Series,2026-08-15,2026-08-15,York,PA,https://www.pkbgt.org/schedule.php,,,,,,Regents Glen Country Club
pkbgt-2026-08-22-nb3-pkbgt-girls-maryland-qualifier,PKBGT,Women,Junior,Open,NB3/PKBGT Girls Maryland Qualifier,2026-08-22,2026-08-23,Waynesboro,PA,https://www.pkbgt.org/schedule.php,,,,,,Waynesboro CC
pkbgt-2026-08-29-south-carolina-series,PKBGT,Women,Junior,Open,South Carolina Series,2026-08-29,2026-08-29,Fountain Inn,SC,https://www.pkbgt.org/schedule.php,,,,,,Carolina Springs GC
pkbgt-2026-08-29-middle-atlantic-series,PKBGT,Women,Junior,Open,Middle Atlantic Series,2026-08-29,2026-08-29,Mitchellville,MD,https://www.pkbgt.org/schedule.php,,,,,,CC of Woodmore
pkbgt-2026-08-29-delaware-valley-series,PKBGT,Women,Junior,Open,Delaware Valley Series,2026-08-29,2026-08-29,Philadelphia,PA,https://www.pkbgt.org/schedule.php,,,,,,John F. Byrne Golf Club
pkbgt-2026-08-30-north-carolina-series,PKBGT,Women,Junior,Open,North Carolina Series,2026-08-30,2026-08-30,Sanford,NC,https://www.pkbgt.org/schedule.php,,,,,,Club at Quail Ridge
pkbgt-2026-09-04-pkbgt-team-cup,PKBGT,Women,Junior,Open,PKBGT Team Cup,2026-09-04,2026-09-07,Calabash,NC,https://www.pkbgt.org/schedule.php,,,,,,Brunswick Plantation GC
pkbgt-2026-09-12-georgia-series-open,PKBGT,Women,Junior,Open,Georgia Series Open,2026-09-12,2026-09-13,Atlanta,GA,https://www.pkbgt.org/schedule.php,,,,,,Sugar Creek Golf Club
pkbgt-2026-09-12-north-carolina-series,PKBGT,Women,Junior,Open,North Carolina Series,2026-09-12,2026-09-12,Monroe,NC,https://www.pkbgt.org/schedule.php,,,,,,Monroe Country Club
pkbgt-2026-09-19-north-carolina-series-open,PKBGT,Women,Junior,Open,North Carolina Series Open,2026-09-19,2026-09-20,Thomasville,NC,https://www.pkbgt.org/schedule.php,,,,,,Colonial Country Club
pkbgt-2026-09-19-south-carolina-series-open,PKBGT,Women,Junior,Open,South Carolina Series Open,2026-09-19,2026-09-20,Columbia,SC,https://www.pkbgt.org/schedule.php,,,,,,Fort Jackson GC (Wildcat)
pkbgt-2026-09-19-delaware-valley-series-open,PKBGT,Women,Junior,Open,Delaware Valley Series Open,2026-09-19,2026-09-20,Quarryville,PA,https://www.pkbgt.org/schedule.php,,,,,,Tanglewood Manor GC
pkbgt-2026-09-26-nb3-pkbgt-girls-carolinas-last-chance-qualifier,PKBGT,Women,Junior,Open,NB3/PKBGT Girls Carolinas Last Chance Qualifier,2026-09-26,2026-09-27,Lexington,NC,https://www.pkbgt.org/schedule.php,,,,,,Sapona Golf Club
pkbgt-2026-09-26-middle-atlantic-series-open,PKBGT,Women,Junior,Open,Middle Atlantic Series Open,2026-09-26,2026-09-27,Fredericksburg,VA,https://www.pkbgt.org/schedule.php,,,,,,Gauntlet Golf Club
uskids-teen-2026-07-13-teen-series-at-sand-creek-station-golf-course,US Kids Teen Series,Mixed,Junior,Open,Teen Series at Sand Creek Station Golf Course,2026-07-13,2026-07-14,Newton,KS,https://tournaments.uskidsgolf.com/tournaments/teen-series/find-tournament/518647/teen-series-sand-creek-station-golf-club-ks,,,,,,Sand Creek Station Golf Course
uskids-teen-2026-07-18-teen-series-at-hopewell-valley-golf-country-club,US Kids Teen Series,Mixed,Junior,Open,Teen Series at Hopewell Valley Golf & Country Club,2026-07-18,2026-07-19,Hopewell,NJ,https://tournaments.uskidsgolf.com/tournaments/teen-series/find-tournament/518511/teen-series-hopewell-valley-nj,,,,,,Hopewell Valley Golf & Country Club
uskids-teen-2026-07-18-teen-series-at-lake-caroline-golf-club,US Kids Teen Series,Mixed,Junior,Open,Teen Series at Lake Caroline Golf Club,2026-07-18,2026-07-19,Madison,MS,https://tournaments.uskidsgolf.com/tournaments/teen-series/find-tournament/518527/teen-series-lake-caroline-ms,,,,,,Lake Caroline Golf Club
uskids-teen-2026-08-08-teen-series-at-stonebridge-country-club,US Kids Teen Series,Mixed,Junior,Open,Teen Series at Stonebridge Country Club,2026-08-08,2026-08-09,Goffstown,NH,https://tournaments.uskidsgolf.com/tournaments/teen-series/find-tournament/518838/teen-series-stonebridge-nh,,,,,,Stonebridge Country Club
uskids-teen-2026-08-18-teen-series-at-black-swan-country-club,US Kids Teen Series,Mixed,Junior,Open,Teen Series at Black Swan Country Club,2026-08-18,2026-08-19,Georgetown,MA,https://tournaments.uskidsgolf.com/tournaments/teen-series/find-tournament/518648/teen-series-black-swan-ma,,,,,,Black Swan Country Club
uskids-teen-2026-08-18-teen-series-at-wine-valley-golf-club,US Kids Teen Series,Mixed,Junior,Open,Teen Series at Wine Valley Golf Club,2026-08-18,2026-08-19,Walla Walla,WA,https://tournaments.uskidsgolf.com/tournaments/teen-series/find-tournament/518607/teen-series-wine-valley-wa,,,,,,Wine Valley Golf Club
uskids-teen-2026-08-22-teen-series-at-pearl-at-kalauao,US Kids Teen Series,Mixed,Junior,Open,Teen Series at Pearl at Kalauao,2026-08-22,2026-08-23,Aiea,HI,https://tournaments.uskidsgolf.com/tournaments/teen-series/find-tournament/518609/teen-series-pearl-kalauao-hi,,,,,,Pearl at Kalauao
uskids-teen-2026-08-24-teen-series-at-echo-falls-golf-club,US Kids Teen Series,Mixed,Junior,Open,Teen Series at Echo Falls Golf Club,2026-08-24,2026-08-25,Snohomish,WA,https://tournaments.uskidsgolf.com/tournaments/teen-series/find-tournament/518672/teen-series-echo-falls-wa,,,,,,Echo Falls Golf Club
uskids-teen-2026-08-29-teen-series-at-pga-golf-club,US Kids Teen Series,Mixed,Junior,Open,Teen Series at PGA Golf Club,2026-08-29,2026-08-30,Port St. Lucie,FL,https://tournaments.uskidsgolf.com/tournaments/teen-series/find-tournament/518673/teen-series-pga-golf-club-fl,,,,,,PGA Golf Club
uskids-teen-2026-08-29-teen-series-at-lake-spanaway-golf-course,US Kids Teen Series,Mixed,Junior,Open,Teen Series at Lake Spanaway Golf Course,2026-08-29,2026-08-30,Tacoma,WA,https://tournaments.uskidsgolf.com/tournaments/teen-series/find-tournament/518658/teen-series-lake-spanaway-wa,,,,,,Lake Spanaway Golf Course
uskids-teen-2026-08-30-teen-series-at-wentworth-hills-country-club,US Kids Teen Series,Mixed,Junior,Open,Teen Series at Wentworth Hills Country Club,2026-08-30,2026-08-31,Plainville,MA,https://tournaments.uskidsgolf.com/tournaments/teen-series/find-tournament/519098/teen-series-wentworth-hills-ma,,,,,,Wentworth Hills Country Club
uskids-teen-2026-09-04-teen-series-at-river-oaks-golf-course,US Kids Teen Series,Mixed,Junior,Open,Teen Series at River Oaks Golf Course,2026-09-04,2026-09-05,Sandy,UT,https://tournaments.uskidsgolf.com/tournaments/teen-series/find-tournament/518766/teen-series-river-oaks-ut,,,,,,River Oaks Golf Course
uskids-teen-2026-09-05-teen-series-at-aliante-golf-club,US Kids Teen Series,Mixed,Junior,Open,Teen Series at Aliante Golf Club,2026-09-05,2026-09-06,Las Vegas,NV,https://tournaments.uskidsgolf.com/tournaments/teen-series/find-tournament/518947/teen-series-aliante-nv,,,,,,Aliante Golf Club
uskids-teen-2026-09-05-teen-series-at-longleaf-golf-family-club,US Kids Teen Series,Mixed,Junior,Open,Teen Series at Longleaf Golf & Family Club,2026-09-05,2026-09-06,Southern Pines,NC,https://tournaments.uskidsgolf.com/tournaments/teen-series/find-tournament/518697/teen-series-longleaf-nc,,,,,,Longleaf Golf & Family Club
uskids-teen-2026-09-05-teen-series-at-northville-hills-golf-club,US Kids Teen Series,Mixed,Junior,Open,Teen Series at Northville Hills Golf Club,2026-09-05,2026-09-06,Northville,MI,https://tournaments.uskidsgolf.com/tournaments/teen-series/find-tournament/518765/teen-series-northville-hills-mi,,,,,,Northville Hills Golf Club
uskids-teen-2026-10-10-teen-series-at-black-butte-ranch,US Kids Teen Series,Mixed,Junior,Open,Teen Series at Black Butte Ranch,2026-10-10,2026-10-11,Black Butte,OR,https://tournaments.uskidsgolf.com/tournaments/teen-series/find-tournament/518839/teen-series-black-butte-or,,,,,,Black Butte Ranch
uskids-teen-2026-10-10-teen-series-at-las-vegas-golf-club,US Kids Teen Series,Mixed,Junior,Open,Teen Series at Las Vegas Golf Club,2026-10-10,2026-10-11,Las Vegas,NV,https://tournaments.uskidsgolf.com/tournaments/teen-series/find-tournament/519106/teen-series-las-vegas-golf-club-nv,,,,,,Las Vegas Golf Club
uskids-teen-2026-10-17-teen-series-at-auburn-hills-golf-course,US Kids Teen Series,Mixed,Junior,Open,Teen Series at Auburn Hills Golf Course,2026-10-17,2026-10-18,Wichita,KS,https://tournaments.uskidsgolf.com/tournaments/teen-series/find-tournament/518887/teen-series-auburn-hills-ks,,,,,,Auburn Hills Golf Course
uskids-teen-2026-10-24-teen-series-at-paradise-pointe-golf-course,US Kids Teen Series,Mixed,Junior,Open,Teen Series at Paradise Pointe Golf Course,2026-10-24,2026-10-25,Smithville,MO,https://tournaments.uskidsgolf.com/tournaments/teen-series/find-tournament/518946/teen-series-paradise-pointe-mo,,,,,,Paradise Pointe Golf Course
uskids-teen-2026-11-14-teen-series-at-emerald-valley-golf-club,US Kids Teen Series,Mixed,Junior,Open,Teen Series at Emerald Valley Golf Club,2026-11-14,2026-11-15,Creswell,OR,https://tournaments.uskidsgolf.com/tournaments/teen-series/find-tournament/519130/teen-series-emerald-valley-or,,,,,,Emerald Valley Golf Club
uskids-teen-2026-11-14-teen-series-at-toka-sticks-golf-club,US Kids Teen Series,Mixed,Junior,Open,Teen Series at Toka Sticks Golf Club,2026-11-14,2026-11-15,Mesa,AZ,https://tournaments.uskidsgolf.com/tournaments/teen-series/find-tournament/519141/teen-series-toka-sticks-az,,,,,,Toka Sticks Golf Club
ljt-texas-2026-01-17-winter-classic,Legends Junior Tour,Mixed,Junior,Open,Winter Classic,2026-01-17,2026-01-18,Dallas,TX,https://txga.org/2026-ljt-winter-classic,,,,,,
ljt-texas-2026-01-31-jimmy-demaret-junior-classic,Legends Junior Tour,Mixed,Junior,Open,Jimmy Demaret Junior Classic,2026-01-31,2026-02-01,Burnet,TX,https://txga.org/2026-jimmy-demaret-junior-classic,,,,,,
ljt-texas-2026-02-14-texas-girls-invitational,Legends Junior Tour,Women,Junior,Major,Texas Girls' Invitational,2026-02-14,2026-02-16,"<br>Apple Rock, Horseshoe Bay",TX,https://txga.org/2026-texas-girls-invitational,,,,,,
ljt-texas-2026-02-28-spring-preview,Legends Junior Tour,Mixed,Junior,Open,Spring Preview,2026-02-28,2026-03-01,Brookeland,TX,https://txga.org/2026-spring-preview/,,,,,,
ljt-texas-2026-03-16-texas-cup-invitational,Legends Junior Tour,Mixed,Junior,Major,Texas Cup Invitational,2026-03-16,2026-03-18,Tyler,TX,https://txga.org/2026-texas-cup-invitational,,,,,,
ljt-texas-2026-05-02-bluebonnet-championship,Legends Junior Tour,Mixed,Junior,Invitational,Bluebonnet Championship,2026-05-02,2026-05-03,Brownwood,TX,https://txga.org/bluebonnet-championship,,,,,,
ljt-texas-2026-06-02-27th-huntington-bank-byron-nelson-junior-championship,Legends Junior Tour,Mixed,Junior,Major,27th Huntington Bank Byron Nelson Junior Championship,2026-06-02,2026-06-04,Dallas,TX,https://txga.org/2026-huntington-bank-byron-nelson-junior-championship,,,,,,
ljt-texas-2026-08-03-flodder-financial-shootout,Legends Junior Tour,Mixed,Junior,Open,Flodder Financial Shootout,2026-08-03,2026-08-04,Katy,TX,https://txga.org/2026-flodder-financial-shootout/,,,,,,
ljt-texas-2026-06-29-100th-texas-junior-amateur-presented-by-edwin-watts-golf-sho,Legends Junior Tour,Mixed,Junior,Major,100th Texas Junior Amateur Presented by Edwin Watts Golf Shops,2026-06-29,2026-07-01,Frisco,TX,https://txga.org/100th-texas-junior-amateur/,,,,,,
ljt-texas-2026-07-06-texas-junior-match-play,Legends Junior Tour,Mixed,Junior,Open,Texas Junior Match Play,2026-07-06,2026-07-09,Magnolia,TX,https://txga.org/2026-ljt-texas-junior-match-play/,,,,,,
ljt-texas-2026-07-27-lanny-wadkins-junior-championship,Legends Junior Tour,Mixed,Junior,Open,Lanny Wadkins Junior Championship,2026-07-27,2026-07-28,College Station,TX,https://txga.org/2026-lanny-wadkins-junior-championship/,,,,,,
ljt-texas-2026-08-10-hannon-fields-junior-invitational,Legends Junior Tour,Mixed,Junior,Invitational,Hannon-Fields Junior Invitational,2026-08-10,2026-08-11,,TX,https://txga.org/hannon-fields-junior-invitational,,,,,,
ljt-texas-2026-09-12-north-texas-classic,Legends Junior Tour,Mixed,Junior,Open,North Texas Classic,2026-09-12,2026-09-13,Dallas,TX,https://txga.org/north-texas-classic/,,,,,,
ljt-texas-2026-09-26-fall-challenge,Legends Junior Tour,Mixed,Junior,Open,Fall Challenge,2026-09-26,2026-09-27,San Angelo,TX,https://txga.org/2026-fall-challenge/,,,,,,
ljt-texas-2026-10-11-james-a-ragan-memorial,Legends Junior Tour,Mixed,Junior,Open,James A. Ragan Memorial,2026-10-11,2026-10-12,Corpus Christi,TX,https://txga.org/2026-james-a-ragan-memorial/,,,,,,
ljt-texas-2026-10-24-tjga-invitational,Legends Junior Tour,Mixed,Junior,Invitational,TJGA Invitational,2026-10-24,2026-10-25,Whitney,TX,https://txga.org/texas-junior-golf-alliance-invitational/,,,,,,
ljt-texas-2026-11-07-jackie-burke-cup,Legends Junior Tour,Mixed,Junior,Open,Jackie Burke Cup,2026-11-07,2026-11-08,Bullard,TX,https://txga.org/2025-jackie-burke-cup,,,,,,
ljt-texas-2026-12-05-alamo-shootout,Legends Junior Tour,Mixed,Junior,Open,Alamo Shootout,2026-12-05,2026-12-06,Universal City,TX,https://txga.org/2026-alamo-shootout,,,,,,
fjt-florida-2026-07-20-junior-amateur-match-play-boys-13-15-girls-13-18,Florida Junior Tour,Mixed,Junior,Open,Junior Amateur Match Play (Boys 13-15 & Girls 13-18),2026-07-20,2026-07-23,,FL,https://www.fsga.org/Tournament/Details/fbfa03ba-49ab-4bf8-a9dd-9189f26a2da2,,,,,,
fjt-florida-2026-07-20-junior-amateur-match-play-boys-16-18,Florida Junior Tour,Men,Junior,Open,Junior Amateur Match Play (Boys 16-18),2026-07-20,2026-07-23,,FL,https://www.fsga.org/Tournament/Details/9dbb30c5-d7bb-474e-a897-b06f72b6d71c,,,,,,
fjt-florida-2026-07-26-20th-junior-florida-cup,Florida Junior Tour,Mixed,Junior,Open,20th Junior Florida Cup,2026-07-26,2026-07-28,,FL,https://www.fsga.org/Tournament/Details/bfbb65af-e558-47c8-909d-ceb31552288a,,,,,,
fjt-florida-2026-08-01-junior-team-championship,Florida Junior Tour,Mixed,Junior,Major,Junior Team Championship,2026-08-01,2026-08-02,,FL,https://www.fsga.org/Tournament/Details/0867dd7d-79a2-40d0-ac87-2a93f15dcee3,,,,,,
fjt-florida-2026-08-15-fjt-sandridge-open-13-15,Florida Junior Tour,Mixed,Junior,Open,FJT Sandridge Open (13-15),2026-08-15,2026-08-16,,FL,https://www.fsga.org/Tournament/Details/cf2d0ae2-f04d-4ca7-b819-d6a8863f77b3,,,,,,
fjt-florida-2026-08-15-fjt-aileron-open-16-18,Florida Junior Tour,Mixed,Junior,Open,FJT Aileron Open (16-18),2026-08-15,2026-08-16,,FL,https://www.fsga.org/Tournament/Details/07f7d447-458d-4574-ace6-b96c2bdddb81,,,,,,
fjt-florida-2026-08-22-fjt-reunion-open-13-15,Florida Junior Tour,Mixed,Junior,Open,FJT Reunion Open (13-15),2026-08-22,2026-08-23,,FL,https://www.fsga.org/Tournament/Details/0fa5a1c7-9971-4537-ba97-d915438abc03,,,,,,
fjt-florida-2026-08-22-fjt-okeeheelee-open-16-18,Florida Junior Tour,Mixed,Junior,Open,FJT Okeeheelee Open (16-18),2026-08-22,2026-08-23,,FL,https://www.fsga.org/Tournament/Details/73da27bb-d0f8-4442-88c4-89a983f067a8,,,,,,
fjt-florida-2026-08-29-fjt-vineyards-open-16-18,Florida Junior Tour,Mixed,Junior,Open,FJT Vineyards Open (16-18),2026-08-29,2026-08-30,,FL,https://www.fsga.org/Tournament/Details/bd47a718-91bf-441e-b0da-3f71326a7bca,,,,,,
fjt-florida-2026-08-29-fjt-saddlebrook-open-9-12,Florida Junior Tour,Mixed,Junior,Open,FJT Saddlebrook Open (9-12),2026-08-29,2026-08-30,,FL,https://www.fsga.org/Tournament/Details/a0d2a5b5-2f57-4b15-9ab7-3b2e456bf738,,,,,,
fjt-florida-2026-08-29-fjt-hawk-s-landing-open-13-15,Florida Junior Tour,Mixed,Junior,Open,FJT Hawk's Landing Open (13-15),2026-08-29,2026-08-30,,FL,https://www.fsga.org/Tournament/Details/b672e351-ddb0-4e06-b76b-2dd805c5e931,,,,,,
fjt-florida-2026-09-05-fjt-reunion-16-18-54-hole-major,Florida Junior Tour,Mixed,Junior,Major,FJT Reunion (16-18) 54-Hole Major,2026-09-05,2026-09-07,,FL,https://www.fsga.org/Tournament/Details/8f79feb0-676d-4021-a37a-9e397ff9cdf3,,,,,,
fjt-florida-2026-09-05-fjt-plantation-13-15-54-hole-major,Florida Junior Tour,Mixed,Junior,Major,FJT Plantation (13-15) 54-Hole Major,2026-09-05,2026-09-07,,FL,https://www.fsga.org/Tournament/Details/8d0b3ab6-9286-4b08-9a35-4428e8bfe86b,,,,,,
fjt-florida-2026-09-12-fjt-eagle-creek-open-13-15,Florida Junior Tour,Mixed,Junior,Open,FJT Eagle Creek Open (13-15),2026-09-12,2026-09-13,,FL,https://www.fsga.org/Tournament/Details/c0a068e2-0852-43d8-84f8-0ce4608262bf,,,,,,
fjt-florida-2026-09-12-fjt-eagle-trace-open-16-18,Florida Junior Tour,Mixed,Junior,Open,FJT Eagle Trace Open (16-18),2026-09-12,2026-09-13,,FL,https://www.fsga.org/Tournament/Details/3384507f-aff4-40e1-a20c-ac9489990457,,,,,,
fjt-florida-2026-09-19-fjt-golf-hammock-open-13-15,Florida Junior Tour,Mixed,Junior,Open,FJT Golf Hammock Open (13-15),2026-09-19,2026-09-20,,FL,https://www.fsga.org/Tournament/Details/41f86def-6050-45c3-a2bb-f443905f65b0,,,,,,
fjt-florida-2026-09-19-fjt-cypress-head-open-16-18,Florida Junior Tour,Mixed,Junior,Open,FJT Cypress Head Open (16-18),2026-09-19,2026-09-20,,FL,https://www.fsga.org/Tournament/Details/a1d02658-d93b-4594-b471-09a6368ddb3a,,,,,,
fjt-florida-2026-09-26-fjt-estero-13-18-non-exempt,Florida Junior Tour,Mixed,Junior,Open,FJT Estero (13-18) Non-Exempt,2026-09-26,2026-09-27,,FL,https://www.fsga.org/Tournament/Details/883c5645-3773-4884-bffe-c4d0776efd12,,,,,,
fjt-florida-2026-09-26-fjt-pam-mccloskey-brosnihan-13-18-major,Florida Junior Tour,Mixed,Junior,Major,FJT Pam McCloskey-Brosnihan (13-18) Major,2026-09-26,2026-09-27,,FL,https://www.fsga.org/Tournament/Details/d8248d83-0113-4270-95bb-d4ec1851c9a5,,,,,,
fjt-florida-2026-10-03-fjt-ocala-gc-open-13-18,Florida Junior Tour,Mixed,Junior,Open,FJT Ocala GC Open (13-18),2026-10-03,2026-10-04,,FL,https://www.fsga.org/Tournament/Details/cf5a1f82-6912-4bf0-8aaf-93e4367151c8,,,,,,
fjt-florida-2026-10-03-15th-fjt-tour-championship,Florida Junior Tour,Mixed,Junior,Major,15th FJT Tour Championship,2026-10-03,2026-10-04,,FL,https://www.fsga.org/Tournament/Details/3f0fdf76-601a-4571-82cd-6520ec19ac13,,,,,,
fjt-florida-2026-10-10-fjt-fairwinds-open-9-12,Florida Junior Tour,Mixed,Junior,Open,FJT Fairwinds Open (9-12),2026-10-10,2026-10-11,,FL,https://www.fsga.org/Tournament/Details/ba76e18a-f63c-4453-abe2-67773fef2d96,,,,,,
fjt-florida-2026-12-05-fjt-santa-lucia-open-16-18,Florida Junior Tour,Mixed,Junior,Open,FJT Santa Lucia Open (16-18),2026-12-05,2026-12-06,,FL,https://www.fsga.org/Tournament/Details/e0a9ae04-ea97-406d-b500-44cda235f88e,,,,,,
fjt-florida-2026-12-05-fjt-heritage-oaks-open-9-12,Florida Junior Tour,Mixed,Junior,Open,FJT Heritage Oaks Open (9-12),2026-12-05,2026-12-06,,FL,https://www.fsga.org/Tournament/Details/8367844e-bf09-436e-8f9b-eabe6cc5faf2,,,,,,
fjt-florida-2026-12-12-fjt-karen-korf-girls-11-12-13-18-major,Florida Junior Tour,Women,Junior,Major,FJT Karen Korf Girls (11-12) & (13-18) Major,2026-12-12,2026-12-13,,FL,https://www.fsga.org/Tournament/Details/ff02b597-b763-40b4-8faf-92d631b1e427,,,,,,
fjt-florida-2026-12-12-fjt-harbor-hills-open-boys-13-15-16-18,Florida Junior Tour,Men,Junior,Open,FJT Harbor Hills Open Boys (13-15) & (16-18),2026-12-12,2026-12-13,,FL,https://www.fsga.org/Tournament/Details/3560ae53-7373-49c4-9aa8-a09f44e5d12f,,,,,,
gsga-jr-2026-03-07-9-18-hole-at-fairfield-plantation,GSGA Junior Tour,Mixed,Junior,Open,9/18-Hole at Fairfield Plantation,2026-03-07,2026-03-07,Villa Rica,GA,https://www.bluegolf.com/junior/events/gsgajt261/index.html,,,,,,
gsga-jr-2026-03-15-18-hole-at-whitewater-creek,GSGA Junior Tour,Mixed,Junior,Open,18-Hole at Whitewater Creek,2026-03-15,2026-03-15,Fayetteville,GA,https://www.bluegolf.com/junior/events/gsgajt263/index.html,,,,,,
gsga-jr-2026-02-28-pps-northern-georgia-junior-challenge,GSGA Junior Tour,Mixed,Junior,Open,PPS - Northern Georgia Junior Challenge,2026-02-28,2026-02-28,Hartwell,GA,https://www.bluegolf.com/junior/events/gsgajt264/index.html,,,,,,
gsga-jr-2026-04-25-pps-middle-georgia-junior-challenge,GSGA Junior Tour,Mixed,Junior,Open,PPS - Middle Georgia Junior Challenge,2026-04-25,2026-04-25,Forsyth,GA,https://www.bluegolf.com/junior/events/gsgajt265/index.html,,,,,,
gsga-jr-2026-05-17-9-18-hole-at-mirror-lake,GSGA Junior Tour,Mixed,Junior,Open,9/18-Hole at Mirror Lake,2026-05-17,2026-05-17,Villa Rica,GA,https://www.bluegolf.com/junior/events/gsgajt266/index.html,,,,,,
gsga-jr-2026-04-18-pkbgt-georgia-series-preview,GSGA Junior Tour,Women,Junior,Open,PKBGT Georgia Series Preview,2026-04-18,2026-04-18,Griffin,GA,https://www.bluegolf.com/junior/events/gsgajt268/index.html,,,,,,
gsga-jr-2026-03-29-18-hole-at-royal-lakes,GSGA Junior Tour,Mixed,Junior,Open,18-Hole at Royal Lakes,2026-03-29,2026-03-29,Flowery Branch,GA,https://www.bluegolf.com/junior/events/gsgajt269/index.html,,,,,,
gsga-jr-2026-03-14-9-18-hole-at-tally-mountain,GSGA Junior Tour,Mixed,Junior,Open,9/18-Hole at Tally Mountain,2026-03-14,2026-03-14,Tallapoosa,GA,https://www.bluegolf.com/junior/events/gsgajt2610/index.html,,,,,,
gsga-jr-2026-04-04-9-18-hole-at-bent-tree,GSGA Junior Tour,Mixed,Junior,Open,9/18-Hole at Bent Tree,2026-04-04,2026-04-04,Jasper,GA,https://www.bluegolf.com/junior/events/gsgajt2614/index.html,,,,,,
gsga-jr-2026-05-02-spring-finale-at-callaway-gardens,GSGA Junior Tour,Mixed,Junior,Open,Spring Finale at Callaway Gardens,2026-05-02,2026-05-02,Pine Mountain,GA,https://www.bluegolf.com/junior/events/gsgajt2615/index.html,,,,,,
gsga-jr-2026-03-22-9-18-hole-at-uncle-remus,GSGA Junior Tour,Mixed,Junior,Open,9/18-Hole at Uncle Remus,2026-03-22,2026-03-22,Eatonton,GA,https://www.bluegolf.com/junior/events/gsgajt2620/index.html,,,,,,
gsga-jr-2026-06-01-regional-qualifier-at-summer-grove,GSGA Junior Tour,Mixed,Junior,Open,Regional Qualifier at Summer Grove,2026-06-01,2026-06-01,Newnan,GA,https://www.bluegolf.com/junior/events/gsgajt2628/index.html,,,,,,
gsga-jr-2026-06-15-regional-qualifier-at-stonebridge-rome,GSGA Junior Tour,Mixed,Junior,Open,Regional Qualifier at Stonebridge (Rome),2026-06-15,2026-06-15,Rome,GA,https://www.bluegolf.com/junior/events/gsgajt2629/index.html,,,,,,
gsga-jr-2026-06-23-regional-qualifier-at-georgia-southern,GSGA Junior Tour,Mixed,Junior,Open,Regional Qualifier at Georgia Southern,2026-06-23,2026-06-23,Statesboro,GA,https://www.bluegolf.com/junior/events/gsgajt2630/index.html,,,,,,
gsga-jr-2026-05-27-pps-atlanta-junior-open,GSGA Junior Tour,Mixed,Junior,Open,PPS - Atlanta Junior Open,2026-05-27,2026-05-27,Acworth,GA,https://www.bluegolf.com/junior/events/gsgajt2642/index.html,,,,,,
gsga-jr-2026-06-29-pps-atlanta-junior-classic,GSGA Junior Tour,Mixed,Junior,Open,PPS - Atlanta Junior Classic,2026-06-29,2026-06-29,Conyers,GA,https://www.bluegolf.com/junior/events/gsgajt2668/index.html,,,,,,
gsga-jr-2026-07-20-gsga-junior-tour-championship,GSGA Junior Tour,Mixed,Junior,Open,GSGA Junior Tour Championship,2026-07-20,2026-07-20,Newnan,GA,https://www.bluegolf.com/junior/events/gsgajt2673/index.html,,,,,,
gsga-jr-2026-07-29-pps-southeast-georgia-junior-open,GSGA Junior Tour,Mixed,Junior,Open,PPS - Southeast Georgia Junior Open,2026-07-29,2026-07-29,Moultrie,GA,https://www.bluegolf.com/junior/events/gsgajt26106/index.html,,,,,,
gsga-jr-2026-08-23-9-18-hole-at-stonebridge-g-cc-albany,GSGA Junior Tour,Mixed,Junior,Open,9/18-Hole at Stonebridge G&CC (Albany),2026-08-23,2026-08-23,Albany,GA,https://www.bluegolf.com/junior/events/gsgajt26120/index.html,,,,,,
gsga-jr-2026-09-12-pkbgt-georgia-series-finale,GSGA Junior Tour,Women,Junior,Open,PKBGT Georgia Series Finale,2026-09-12,2026-09-12,Atlanta,GA,https://www.bluegolf.com/junior/events/gsgajt26123/index.html,,,,,,
gsga-jr-2026-10-03-9-18-hole-at-bartram-trail,GSGA Junior Tour,Mixed,Junior,Open,9/18-Hole at Bartram Trail,2026-10-03,2026-10-03,Evans,GA,https://www.bluegolf.com/junior/events/gsgajt26127/index.html,,,,,,
gsga-jr-2026-09-27-9-18-hole-at-fort-benning,GSGA Junior Tour,Mixed,Junior,Open,9/18-Hole at Fort Benning,2026-09-27,2026-09-27,Fort Benning,GA,https://www.bluegolf.com/junior/events/gsgajt26128/index.html,,,,,,
gsga-jr-2026-10-18-9-18-hole-at-sky-valley,GSGA Junior Tour,Mixed,Junior,Open,9/18-Hole at Sky Valley,2026-10-18,2026-10-18,Sky Valley,GA,https://www.bluegolf.com/junior/events/gsgajt26129/index.html,,,,,,
gsga-jr-2026-12-05-pps-winter-classic,GSGA Junior Tour,Mixed,Junior,Open,PPS - Winter Classic,2026-12-05,2026-12-05,Atlanta,GA,https://www.bluegolf.com/junior/events/gsgajt26130/index.html,,,,,,
gsga-jr-2026-08-22-18-hole-at-mystery-valley,GSGA Junior Tour,Mixed,Junior,Open,18-Hole at Mystery Valley,2026-08-22,2026-08-22,Lithhonia,GA,https://www.bluegolf.com/junior/events/gsgajt26133/index.html,,,,,,
gsga-jr-2026-10-24-pps-western-georgia-junior-classic,GSGA Junior Tour,Mixed,Junior,Open,PPS - Western Georgia Junior Classic,2026-10-24,2026-10-24,Peachtree City,GA,https://www.bluegolf.com/junior/events/gsgajt26134/index.html,,,,,,
gsga-jr-2026-08-29-9-18-hole-at-georgia-national,GSGA Junior Tour,Mixed,Junior,Open,9/18-Hole at Georgia National,2026-08-29,2026-08-29,McDonough,GA,https://www.bluegolf.com/junior/events/gsgajt26135/index.html,,,,,,
gsga-jr-2026-09-19-pps-northern-georgia-junior-open,GSGA Junior Tour,Mixed,Junior,Open,PPS - Northern Georgia Junior Open,2026-09-19,2026-09-19,Social Circle,GA,https://www.bluegolf.com/junior/events/gsgajt26136/index.html,,,,,,
gsga-jr-2026-10-04-9-18-hole-at-city-club-lost-plantation,GSGA Junior Tour,Mixed,Junior,Open,9/18-Hole at City Club Lost Plantation,2026-10-04,2026-10-04,Rincon,GA,https://www.bluegolf.com/junior/events/gsgajt26137/index.html,,,,,,
gsga-jr-2026-09-26-18-hole-at-the-chimneys,GSGA Junior Tour,Mixed,Junior,Open,18-Hole at The Chimneys,2026-09-26,2026-09-26,Winder,GA,https://www.bluegolf.com/junior/events/gsgajt26140/index.html,,,,,,
scpga-jr-2026-01-24-toyota-tour-cup-olivas-links,SCPGA Junior Tour,Mixed,Junior,Major,Toyota Tour Cup @ Olivas Links,2026-01-24,2026-01-24,Ventura,CA,https://www.bluegolf.com/junior/events/scpgajt2618/index.html,,,,,,
scpga-jr-2026-01-31-toyota-tour-cup-ext-morongo,SCPGA Junior Tour,Mixed,Junior,Major,Toyota Tour Cup (Ext.) @ Morongo,2026-01-31,2026-01-31,Beaumont,CA,https://www.bluegolf.com/junior/events/scpgajt2630/index.html,,,,,,
scpga-jr-2026-02-14-ttc-max-homa-inv-oak-valley,SCPGA Junior Tour,Mixed,Junior,Major,TTC Max Homa Inv. @ Oak Valley,2026-02-14,2026-02-14,Beaumont,CA,https://www.bluegolf.com/junior/events/scpgajt2643/index.html,,,,,,
scpga-jr-2026-02-28-toyota-tour-cup-ext-terra-lago,SCPGA Junior Tour,Mixed,Junior,Major,Toyota Tour Cup (Ext.) @ Terra Lago,2026-02-28,2026-02-28,Indio,CA,https://www.bluegolf.com/junior/events/scpgajt2668/index.html,,,,,,
scpga-jr-2026-03-14-toyota-tour-cup-soboba-springs,SCPGA Junior Tour,Mixed,Junior,Major,Toyota Tour Cup @ Soboba Springs,2026-03-14,2026-03-14,San Jacinto,CA,https://www.bluegolf.com/junior/events/scpgajt2682/index.html,,,,,,
scpga-jr-2026-04-11-toyota-tour-cup-river-ridge,SCPGA Junior Tour,Mixed,Junior,Major,Toyota Tour Cup @ River Ridge,2026-04-11,2026-04-11,Oxnard,CA,https://www.bluegolf.com/junior/events/scpgajt26101/index.html,,,,,,
scpga-jr-2026-03-28-ttc-cantlay-series-desert-princess,SCPGA Junior Tour,Mixed,Junior,Open,TTC Cantlay Series @ Desert Princess,2026-03-28,2026-03-28,Cathedral City,CA,https://www.bluegolf.com/junior/events/scpgajt26110/index.html,,,,,,
scpga-jr-2026-04-18-toyota-tour-cup-temecula-creek-inn,SCPGA Junior Tour,Mixed,Junior,Major,Toyota Tour Cup @ Temecula Creek Inn,2026-04-18,2026-04-18,Temecula,CA,https://www.bluegolf.com/junior/events/scpgajt26135/index.html,,,,,,
scpga-jr-2026-11-21-toyota-tour-cup-girls-ext-tahquitz,SCPGA Junior Tour,Mixed,Junior,Major,Toyota Tour Cup (Girls Ext.) @ Tahquitz,2026-11-21,2026-11-21,Palm Springs,CA,https://www.bluegolf.com/junior/events/scpgajt26136/index.html,,,,,,
scpga-jr-2026-05-02-ttc-cantlay-series-bear-creek,SCPGA Junior Tour,Mixed,Junior,Open,TTC Cantlay Series @ Bear Creek,2026-05-02,2026-05-02,Murrieta,CA,https://www.bluegolf.com/junior/events/scpgajt26146/index.html,,,,,,
tyga-carolinas-2026-03-21-7th-hv3-invitational,CGA Junior,Men,Junior,Invitational,7th HV3 Invitational,2026-03-21,2026-03-22,Cramerton,NC,https://www.golfgenius.com/pages/5721823,,,,,,
tyga-carolinas-2026-06-08-50th-south-carolina-junior-boys-match-play-championship,CGA Junior,Men,Junior,Major,50th South Carolina Junior Boys' Match Play Championship,2026-06-08,2026-06-11,,NC,https://cga.golfgenius.com/pages/5845128,,,,,,
tyga-carolinas-2026-06-23-59th-north-carolina-junior-boys-championship,CGA Junior,Men,Junior,Major,59th North Carolina Junior Boys' Championship,2026-06-23,2026-06-25,Newton,NC,https://cga.golfgenius.com/pages/5835776,,,,,,
tyga-carolinas-2026-06-30-77th-carolinas-junior-boys-championship,CGA Junior,Men,Junior,Major,77th Carolinas Junior Boys' Championship,2026-06-30,2026-07-02,Orangeburg,SC,https://cga.golfgenius.com/pages/5840073,,,,,,
tyga-carolinas-2026-07-20-29th-north-carolina-junior-boys-14-and-under,CGA Junior,Men,Junior,Open,29th North Carolina Junior Boys' 14 and Under,2026-07-20,2026-07-21,Archdale,NC,https://www.golfgenius.com/pages/5960279,,,,,,
tyga-carolinas-2026-07-27-22nd-dogwood-state-junior-boys-match-play-championship,CGA Junior,Men,Junior,Major,22nd Dogwood State Junior Boys' Match Play Championship,2026-07-27,2026-07-30,,NC,https://cga.golfgenius.com/pages/5840564,,,,,,
tyga-carolinas-2026-08-03-20th-carolinas-pro-junior,CGA Junior,Men,Junior,Open,20th Carolinas Pro-Junior,2026-08-03,2026-08-03,Charlotte,NC,https://www.golfgenius.com/pages/5941207,,,,,,
tyga-carolinas-2026-08-04-9th-hope-valley-junior-invitational,CGA Junior,Men,Junior,Invitational,9th Hope Valley Junior Invitational,2026-08-04,2026-08-06,Durham,NC,https://hopevalleyjuniorinvitational.com/,,,,,,
tyga-carolinas-2026-08-12-the-2nd-hv3-foundation-queen-city-junior,CGA Junior,Men,Junior,Open,The 2nd HV3 Foundation Queen City Junior,2026-08-12,2026-08-13,Matthews,NC,https://cga.golfgenius.com/pages/5973132,,,,,,
tyga-carolinas-2026-08-22-7th-mimosa-hills-junior-invitational,CGA Junior,Men,Junior,Invitational,7th Mimosa Hills Junior Invitational,2026-08-22,2026-08-23,Morganton,NC,https://cga.golfgenius.com/pages/5836531,,,,,,
tyga-carolinas-2026-09-19-14th-creed-junior-boys-invitational,CGA Junior,Men,Junior,Invitational,14th Creed Junior Boys' Invitational,2026-09-19,2026-09-20,Camden,SC,https://www.golfgenius.com/pages/5961175,,,,,,
tyga-carolinas-2026-10-17-18th-jimmy-anderson-boys-invitational,CGA Junior,Men,Junior,Invitational,18th Jimmy Anderson Boys' Invitational,2026-10-17,2026-10-18,Greenville,NC,https://www.golfgenius.com/pages/5978783,,,,,,
tyga-carolinas-2026-05-09-21st-vicki-disantis-junior-girls-championship,CGA Junior,Women,Junior,Major,21st Vicki DiSantis Junior Girls' Championship,2026-05-09,2026-05-10,Monroe,NC,https://cga.golfgenius.com/pages/5748512,,,,,,
tyga-carolinas-2026-06-09-27th-south-carolina-junior-girls-match-play-championship,CGA Junior,Women,Junior,Major,27th South Carolina Junior Girls' Match Play Championship,2026-06-09,2026-06-11,Darlington,SC,https://cga.golfgenius.com/pages/5846207,,,,,,
tyga-carolinas-2026-06-23-30th-north-carolina-junior-girls-championship,CGA Junior,Women,Junior,Major,30th North Carolina Junior Girls' Championship,2026-06-23,2026-06-25,Kannapolis,NC,https://cga.golfgenius.com/pages/5851261,,,,,,
tyga-carolinas-2026-07-01-70th-carolinas-junior-girls-championship,CGA Junior,Women,Junior,Major,70th Carolinas Junior Girls' Championship,2026-07-01,2026-07-03,Jamestown,NC,https://www.golfgenius.com/pages/5853838,,,,,,
tyga-carolinas-2026-07-20-19th-carolinas-girls-15-under-championship,CGA Junior,Women,Junior,Major,19th Carolinas Girls’ 15 & Under Championship,2026-07-20,2026-07-21,Archdale,NC,https://www.golfgenius.com/websites/592322,,,,,,
tyga-carolinas-2026-07-28-22nd-dogwood-state-junior-girls-championship,CGA Junior,Women,Junior,Major,22nd Dogwood State Junior Girls' Championship,2026-07-28,2026-07-30,Merry Hill,NC,https://cga.golfgenius.com/pages/5846682,,,,,,
tyga-carolinas-2026-09-29-4th-hv3-high-school-girls-invitational,CGA Junior,Women,Junior,Invitational,4th HV3 High School Girls' Invitational,2026-09-29,2026-09-29,Gastonia,NC,https://www.golfgenius.com/pages/5982139,,,,,,
jgaa-arizona-2026-01-10-generous-game-classic-junior-golf-associ,JGAA Junior Golf,Mixed,Junior,Open,Generous Game Classic,2026-01-10,2026-01-10,Phoenix,AZ,https://www.bluegolf.com/junior/events/jgaa261/index.html,,,,,,
jgaa-arizona-2026-01-24-warren-schutte-invitational-ping-jr-juni,JGAA Junior Golf,Mixed,Junior,Open,Warren Schutte Invitational - PING Jr,2026-01-24,2026-01-24,Litchfield Park,AZ,https://www.bluegolf.com/junior/events/jgaa262/index.html,,,,,,
jgaa-arizona-2026-02-14-scottsdale-charros-invitational-pjm-juni,JGAA Junior Golf,Mixed,Junior,Open,Scottsdale Charros Invitational - PJM,2026-02-14,2026-02-14,Scottsdale,AZ,https://www.bluegolf.com/junior/events/jgaa263/index.html,,,,,,
jgaa-arizona-2026-02-21-phoenix-metro-jr-championship-junior-gol,JGAA Junior Golf,Mixed,Junior,Open,Phoenix Metro Jr Championship,2026-02-21,2026-02-21,Sun City,AZ,https://www.bluegolf.com/junior/events/jgaa264/index.html,,,,,,
jgaa-arizona-2026-03-07-thunderbird-invitational-ping-jr-maste-j,JGAA Junior Golf,Mixed,Junior,Open,Thunderbird Invitational - PING Jr Maste,2026-03-07,2026-03-07,Phoenix,AZ,https://www.bluegolf.com/junior/events/jgaa265/index.html,,,,,,
jgaa-arizona-2026-03-21-desert-mashie-championship-junior-golf-a,JGAA Junior Golf,Mixed,Junior,Open,Desert Mashie Championship,2026-03-21,2026-03-21,Phoenix,AZ,https://www.bluegolf.com/junior/events/jgaa266/index.html,,,,,,
jgaa-arizona-2026-04-11-tucson-conquistadores-spring-classic-jun,JGAA Junior Golf,Mixed,Junior,Open,Tucson Conquistadores Spring Classic,2026-04-11,2026-04-11,Tucson,AZ,https://www.bluegolf.com/junior/events/jgaa267/index.html,,,,,,
jgaa-arizona-2026-04-18-betsy-king-junior-world-qualifier-junior,JGAA Junior Golf,Mixed,Junior,Open,Betsy King Junior World Qualifier,2026-04-18,2026-04-18,Chandler,AZ,https://www.bluegolf.com/junior/events/jgaa268/index.html,,,,,,
jgaa-arizona-2026-04-25-superstition-junior-classic-junior-golf-,JGAA Junior Golf,Mixed,Junior,Open,Superstition Junior Classic,2026-04-25,2026-04-25,Gold Canyon,AZ,https://www.bluegolf.com/junior/events/jgaa269/index.html,,,,,,
jgaa-arizona-2026-05-02-quintero-cactus-cup-junior-golf-associat,JGAA Junior Golf,Mixed,Junior,Open,Quintero Cactus Cup,2026-05-02,2026-05-02,Peoria,AZ,https://www.bluegolf.com/junior/events/jgaa2610/index.html,,,,,,
jgaa-arizona-2026-05-09-scottsdale-invitational-ping-jr-master-j,JGAA Junior Golf,Mixed,Junior,Open,Scottsdale Invitational - PING Jr Master,2026-05-09,2026-05-09,Scottsdale,AZ,https://www.bluegolf.com/junior/events/jgaa2611/index.html,,,,,,
jgaa-arizona-2026-05-16-bruce-brown-yuma-city-jr-junior-golf-ass,JGAA Junior Golf,Mixed,Junior,Open,Bruce Brown Yuma City Jr,2026-05-16,2026-05-16,Yuma,AZ,https://www.bluegolf.com/junior/events/jgaa2612/index.html,,,,,,
jgaa-arizona-2026-05-17-thunderbird-high-school-senior-classic-j,JGAA Junior Golf,Mixed,Junior,Open,Thunderbird High School Senior Classic,2026-05-17,2026-05-17,Scottsdale,AZ,https://www.bluegolf.com/junior/events/jgaa2613/index.html,,,,,,
jgaa-arizona-2026-05-27-tucson-city-jr-championship-junior-golf-,JGAA Junior Golf,Mixed,Junior,Open,Tucson City Jr Championship,2026-05-27,2026-05-27,Tucson,AZ,https://www.bluegolf.com/junior/events/jgaa2614/index.html,,,,,,
jgaa-arizona-2026-05-30-arizona-junior-amateur-qualifier-junior-,JGAA Junior Golf,Mixed,Junior,Open,Arizona Junior Amateur Qualifier,2026-05-30,2026-05-30,Phoenix,AZ,https://www.bluegolf.com/junior/events/jgaa2615/index.html,,,,,,
jgaa-arizona-2026-06-02-milt-coggins-junior-world-qualifier-juni,JGAA Junior Golf,Mixed,Junior,Open,Milt Coggins Junior World Qualifier,2026-06-02,2026-06-02,Phoenix,AZ,https://www.bluegolf.com/junior/events/jgaa2616/index.html,,,,,,
jgaa-arizona-2026-06-11-thunderbird-junior-classic-junior-golf-a,JGAA Junior Golf,Mixed,Junior,Open,Thunderbird Junior Classic,2026-06-11,2026-06-11,Phoenix,AZ,https://www.bluegolf.com/junior/events/jgaa2617/index.html,,,,,,
jgaa-arizona-2026-06-22-arizona-junior-amateur-championship-juni,JGAA Junior Golf,Mixed,Junior,Open,Arizona Junior Amateur Championship,2026-06-22,2026-06-22,Prescott,AZ,https://www.bluegolf.com/junior/events/jgaa2618/index.html,,,,,,
jgaa-arizona-2026-06-29-willie-low-invitational-ping-jr-master-j,JGAA Junior Golf,Mixed,Junior,Open,Willie Low Invitational - PING Jr Master,2026-06-29,2026-06-29,Phoenix ,AZ,https://www.bluegolf.com/junior/events/jgaa2619/index.html,,,,,,
jgaa-arizona-2026-06-17-usga-boys-junior-amateur-qualifier-junio,JGAA Junior Golf,Men,Junior,Open,USGA  Boys Junior Amateur Qualifier,2026-06-17,2026-06-17,Peoria,AZ,https://www.bluegolf.com/junior/events/jgaa2620/index.html,,,,,,
jgaa-arizona-2026-06-15-usga-girls-junior-amateur-qualifier-juni,JGAA Junior Golf,Women,Junior,Open,USGA Girls Junior Amateur Qualifier,2026-06-15,2026-06-15,Paradise Valley,AZ,https://www.bluegolf.com/junior/events/jgaa2621/index.html,,,,,,
jgaa-arizona-2026-07-01-matt-mccarty-mesa-city-jr-championship-j,JGAA Junior Golf,Mixed,Junior,Open,Matt McCarty Mesa City Jr Championship,2026-07-01,2026-07-01,Mesa,AZ,https://www.bluegolf.com/junior/events/jgaa2624/index.html,,,,,,
jgaa-arizona-2026-07-07-prescott-city-jr-championship-junior-gol,JGAA Junior Golf,Mixed,Junior,Open,Prescott City Jr Championship,2026-07-07,2026-07-07,Prescott,AZ,https://www.bluegolf.com/junior/events/jgaa2625/index.html,,,,,,
jgaa-arizona-2026-07-14-sam-schanafelt-summer-classic-junior-gol,JGAA Junior Golf,Mixed,Junior,Open,Sam Schanafelt Summer Classic,2026-07-14,2026-07-14,Scottsdale,AZ,https://www.bluegolf.com/junior/events/jgaa2626/index.html,,,,,,
jgaa-arizona-2026-07-23-phoenix-city-junior-championship-junior-,JGAA Junior Golf,Mixed,Junior,Open,Phoenix City Junior Championship,2026-07-23,2026-07-23,Laveen,AZ,https://www.bluegolf.com/junior/events/jgaa2627/index.html,,,,,,
jgaa-arizona-2026-07-30-arizona-junior-match-play-championship-j,JGAA Junior Golf,Mixed,Junior,Open,Arizona Junior Match Play Championship,2026-07-30,2026-07-30,Scottsdale,AZ,https://www.bluegolf.com/junior/events/jgaa2628/index.html,,,,,,
jgaa-arizona-2026-07-27-ping-invitational-junior-golf-associatio,JGAA Junior Golf,Mixed,Junior,Open,PING Invitational,2026-07-27,2026-07-27,Phoenix,AZ,https://www.bluegolf.com/junior/events/jgaa2629/index.html,,,,,,
jgaa-arizona-2026-08-15-scottsdale-city-junior-championship-juni,JGAA Junior Golf,Mixed,Junior,Open,Scottsdale City Junior Championship,2026-08-15,2026-08-15,Scottsdale,AZ,https://www.bluegolf.com/junior/events/jgaa2630/index.html,,,,,,
jgaa-arizona-2026-06-10-southwest-pga-junior-championship-junior,JGAA Junior Golf,Mixed,Junior,Open,Southwest PGA Junior Championship,2026-06-10,2026-06-10,Scottsdale,AZ,https://www.bluegolf.com/junior/events/jgaa2631/index.html,,,,,,
jgaa-arizona-2026-07-21-southwest-pga-jr-prep-tour-championship-,JGAA Junior Golf,Mixed,Junior,Open,Southwest PGA Jr Prep Tour Championship,2026-07-21,2026-07-21,Sedona,AZ,https://www.bluegolf.com/junior/events/jgaa2632/index.html,,,,,,
jgaa-arizona-2026-10-31-first-citizens-bank-fall-classic-junior-,JGAA Junior Golf,Mixed,Junior,Open,First Citizens Bank Fall Classic,2026-10-31,2026-10-31,Mesa,AZ,https://www.bluegolf.com/junior/events/jgaa2633/index.html,,,,,,
jgaa-arizona-2026-12-05-winter-classic-junior-golf-association-o,JGAA Junior Golf,Mixed,Junior,Open,Winter Classic,2026-12-05,2026-12-05,Sun City West,AZ,https://www.bluegolf.com/junior/events/jgaa2634/index.html,,,,,,
jgaa-arizona-2026-12-21-holiday-challenge-junior-golf-associatio,JGAA Junior Golf,Mixed,Junior,Open,Holiday Challenge,2026-12-21,2026-12-21,Scottsdale,AZ,https://www.bluegolf.com/junior/events/jgaa2635/index.html,,,,,,
jgaa-arizona-2026-09-12-keckstrong-chandler-city-jr-championship,JGAA Junior Golf,Mixed,Junior,Open,Keckstrong Chandler City Jr Championship,2026-09-12,2026-09-12,Phoenix,AZ,https://www.bluegolf.com/junior/events/jgaa2636/index.html,,,,,,
jtnc-norcal-2026-01-03-challenge-cup-junior-tour-of-northern-ca,JTNC Junior Tour,Mixed,Junior,Open,Challenge Cup,2026-01-03,2026-01-03,Pebble Beach,CA,https://www.bluegolf.com/junior/events/jtnc261/index.html,,,,,,
jtnc-norcal-2026-03-21-spring-series-ii-riverside-junior-tour-o,JTNC Junior Tour,Mixed,Junior,Open,Spring Series II - Riverside,2026-03-21,2026-03-21,Fresno,CA,https://www.bluegolf.com/junior/events/jtnc262/index.html,,,,,,
jtnc-norcal-2026-03-28-spring-series-iii-rancho-solano-junior-t,JTNC Junior Tour,Mixed,Junior,Open,Spring Series III - Rancho Solano,2026-03-28,2026-03-28,Fairfield,CA,https://www.bluegolf.com/junior/events/jtnc263/index.html,,,,,,
jtnc-norcal-2026-04-25-spring-series-vi-empire-ranch-junior-tou,JTNC Junior Tour,Mixed,Junior,Open,Spring Series VI - Empire Ranch,2026-04-25,2026-04-25,Folsom,CA,https://www.bluegolf.com/junior/events/jtnc264/index.html,,,,,,
jtnc-norcal-2026-05-02-spring-series-vii-coyote-creek-gc-junior,JTNC Junior Tour,Mixed,Junior,Open,Spring Series VII - Coyote Creek GC,2026-05-02,2026-05-02,San Jose,CA,https://www.bluegolf.com/junior/events/jtnc265/index.html,,,,,,
jtnc-norcal-2026-05-30-spring-series-viii-rooster-run-junior-to,JTNC Junior Tour,Mixed,Junior,Open,Spring Series VIII - Rooster Run,2026-05-30,2026-05-30,Petaluma,CA,https://www.bluegolf.com/junior/events/jtnc266/index.html,,,,,,
jtnc-norcal-2026-06-06-summer-series-i-reserve-at-spanos-park-j,JTNC Junior Tour,Mixed,Junior,Open,Summer Series I - Reserve at Spanos Park,2026-06-06,2026-06-06,Stockton,CA,https://www.bluegolf.com/junior/events/jtnc267/index.html,,,,,,
jtnc-norcal-2026-07-20-summer-series-iii-crazy-horse-junior-tou,JTNC Junior Tour,Mixed,Junior,Open,Summer Series III - Crazy Horse,2026-07-20,2026-07-20,Salinas,CA,https://www.bluegolf.com/junior/events/jtnc268/index.html,,,,,,
jtnc-norcal-2026-07-27-tour-championship-poppy-hills-junior-tou,JTNC Junior Tour,Mixed,Junior,Open,Tour Championship - Poppy Hills,2026-07-27,2026-07-27,Pebble Beach,CA,https://www.bluegolf.com/junior/events/jtnc269/index.html,,,,,,
jtnc-norcal-2026-08-15-fall-series-i-cypress-lakes-junior-tour-,JTNC Junior Tour,Mixed,Junior,Open,Fall Series I - Cypress Lakes,2026-08-15,2026-08-15,Vacaville,CA,https://www.bluegolf.com/junior/events/jtnc2610/index.html,,,,,,
jtnc-norcal-2026-08-22-fall-series-ii-micke-grove-junior-tour-o,JTNC Junior Tour,Mixed,Junior,Open,Fall Series II - Micke Grove,2026-08-22,2026-08-22,Lodi,CA,https://www.bluegolf.com/junior/events/jtnc2611/index.html,,,,,,
jtnc-norcal-2026-08-29-fall-series-iii-bing-maloney-junior-tour,JTNC Junior Tour,Mixed,Junior,Open,Fall Series III - Bing Maloney,2026-08-29,2026-08-29,Sacramento,CA,https://www.bluegolf.com/junior/events/jtnc2612/index.html,,,,,,
jtnc-norcal-2026-09-05-fall-series-iv-delaveaga-junior-tour-of-,JTNC Junior Tour,Mixed,Junior,Open,Fall Series IV - DeLaveaga,2026-09-05,2026-09-05,Santa Cruz,CA,https://www.bluegolf.com/junior/events/jtnc2613/index.html,,,,,,
jtnc-norcal-2026-09-19-fall-series-vi-coyote-creek-junior-tour-,JTNC Junior Tour,Mixed,Junior,Open,Fall Series VI - Coyote Creek,2026-09-19,2026-09-19,San Jose,CA,https://www.bluegolf.com/junior/events/jtnc2614/index.html,,,,,,
jtnc-norcal-2026-09-26-fall-series-vii-windsor-gc-junior-tour-o,JTNC Junior Tour,Mixed,Junior,Open,Fall Series VII - Windsor GC,2026-09-26,2026-09-26,Windsor,CA,https://www.bluegolf.com/junior/events/jtnc2615/index.html,,,,,,
jtnc-norcal-2026-10-17-fall-series-x-ridge-creek-junior-tour-of,JTNC Junior Tour,Mixed,Junior,Open,Fall Series X - Ridge Creek,2026-10-17,2026-10-17,Dinuba,CA,https://www.bluegolf.com/junior/events/jtnc2616/index.html,,,,,,
jtnc-norcal-2026-11-23-holiday-series-i-del-monte-junior-tour-o,JTNC Junior Tour,Mixed,Junior,Open,Holiday Series I - Del Monte,2026-11-23,2026-11-23,Monterey,CA,https://www.bluegolf.com/junior/events/jtnc2617/index.html,,,,,,
jtnc-norcal-2026-12-28-holiday-series-iii-poppy-hills-junior-to,JTNC Junior Tour,Mixed,Junior,Open,Holiday Series III - Poppy Hills,2026-12-28,2026-12-28,Pebble Beach,CA,https://www.bluegolf.com/junior/events/jtnc2618/index.html,,,,,,
jtnc-norcal-2026-04-18-spring-series-v-haggin-oaks-junior-tour-,JTNC Junior Tour,Mixed,Junior,Open,Spring Series V - Haggin Oaks,2026-04-18,2026-04-18,Sacramento,CA,https://www.bluegolf.com/junior/events/jtnc2619/index.html,,,,,,
jtnc-norcal-2026-03-07-spring-series-i-elkhorn-junior-tour-of-n,JTNC Junior Tour,Mixed,Junior,Open,Spring Series I - Elkhorn,2026-03-07,2026-03-07,Stockton,CA,https://www.bluegolf.com/junior/events/jtnc2620/index.html,,,,,,
jtnc-norcal-2026-04-11-spring-series-iv-monarch-bay-junior-tour,JTNC Junior Tour,Mixed,Junior,Open,Spring Series IV - Monarch Bay,2026-04-11,2026-04-11,San Leandro,CA,https://www.bluegolf.com/junior/events/jtnc2621/index.html,,,,,,
jtnc-norcal-2026-06-10-summer-series-ii-poppy-ridge-junior-tour,JTNC Junior Tour,Mixed,Junior,Open,Summer Series II - Poppy Ridge,2026-06-10,2026-06-10,Livermore,CA,https://www.bluegolf.com/junior/events/jtnc2622/index.html,,,,,,
jtnc-norcal-2026-09-12-fall-series-v-wildhorse-gc-junior-tour-o,JTNC Junior Tour,Mixed,Junior,Open,Fall Series V - Wildhorse GC,2026-09-12,2026-09-12,Davis,CA,https://www.bluegolf.com/junior/events/jtnc2623/index.html,,,,,,
jtnc-norcal-2026-10-03-fall-series-viii-moffett-field-junior-to,JTNC Junior Tour,Mixed,Junior,Open,Fall Series VIII - Moffett Field,2026-10-03,2026-10-03,Sunnyvale,CA,https://www.bluegolf.com/junior/events/jtnc2624/index.html,,,,,,
jtnc-norcal-2026-10-10-fall-series-ix-san-juan-oaks-junior-tour,JTNC Junior Tour,Mixed,Junior,Open,Fall Series IX -  San Juan Oaks,2026-10-10,2026-10-10,Hollister,CA,https://www.bluegolf.com/junior/events/jtnc2625/index.html,,,,,,
jtnc-norcal-2026-12-05-holiday-series-ii-hunter-ranch-junior-to,JTNC Junior Tour,Mixed,Junior,Open,Holiday Series II - Hunter Ranch,2026-12-05,2026-12-05,Paso Robles,CA,https://www.bluegolf.com/junior/events/jtnc2626/index.html,,,,,,
jtnc-norcal-2026-06-17-norcal-jr-players-champ-junior-tour-of-n,JTNC Junior Tour,Mixed,Junior,Open,NorCal Jr Players Champ,2026-06-17,2026-06-17,Stockton,CA,https://www.bluegolf.com/junior/events/jtnc2627/index.html,,,,,,
ntpga-jr-2026-01-17-aat-winter-kickoff-ntpga-junior-tour,NTPGA Junior Tour,Mixed,Junior,Open,AAT: Winter Kickoff,2026-01-17,2026-01-17,Fairview,TX,https://www.bluegolf.com/junior/events/ntpgajr261/index.html,,,,,,
ntpga-jr-2026-05-16-aat-january-showdown-ntpga-junior-tour,NTPGA Junior Tour,Mixed,Junior,Open,AAT: January Showdown,2026-05-16,2026-05-16,Plano,TX,https://www.bluegolf.com/junior/events/ntpgajr262/index.html,,,,,,
ntpga-jr-2026-03-14-good-good-who-s-next-major-hawks-creek-n,NTPGA Junior Tour,Mixed,Junior,Open,Good Good WHO'S NEXT Major - Hawks Creek,2026-03-14,2026-03-14,Westworth Village,TX,https://www.bluegolf.com/junior/events/ntpgajr264/index.html,,,,,,
ntpga-jr-2026-02-07-aat-february-kickoff-ntpga-junior-tour,NTPGA Junior Tour,Mixed,Junior,Open,AAT: February Kickoff,2026-02-07,2026-02-07,Richardson,TX,https://www.bluegolf.com/junior/events/ntpgajr265/index.html,,,,,,
ntpga-jr-2026-03-28-aat-battle-at-the-bridges-ntpga-junior-t,NTPGA Junior Tour,Mixed,Junior,Open,AAT: Battle at The Bridges,2026-03-28,2026-03-28,Garland,TX,https://www.bluegolf.com/junior/events/ntpgajr266/index.html,,,,,,
ntpga-jr-2026-02-15-crown-golf-mm-grand-prairie-open-ntpga-j,NTPGA Junior Tour,Mixed,Junior,Open,Crown Golf/MM Grand Prairie Open,2026-02-15,2026-02-15,Grand Prairie,TX,https://www.bluegolf.com/junior/events/ntpgajr267/index.html,,,,,,
ntpga-jr-2026-02-28-aat-winter-slam-ntpga-junior-tour,NTPGA Junior Tour,Mixed,Junior,Open,AAT: Winter Slam,2026-02-28,2026-02-28,Fort Worth,TX,https://www.bluegolf.com/junior/events/ntpgajr268/index.html,,,,,,
ntpga-jr-2026-04-11-good-good-who-s-next-major-grapevine-ntp,NTPGA Junior Tour,Mixed,Junior,Open,Good Good WHO'S NEXT Major - Grapevine,2026-04-11,2026-04-11,Grapevine,TX,https://www.bluegolf.com/junior/events/ntpgajr269/index.html,,,,,,
ntpga-jr-2026-04-18-aat-carrollton-classic-ntpga-junior-tour,NTPGA Junior Tour,Mixed,Junior,Open,AAT: Carrollton Classic,2026-04-18,2026-04-18,Carrollton,TX,https://www.bluegolf.com/junior/events/ntpgajr2610/index.html,,,,,,
ntpga-jr-2026-03-08-aat-march-kickoff-ntpga-junior-tour,NTPGA Junior Tour,Mixed,Junior,Open,AAT: March Kickoff,2026-03-08,2026-03-08,Garland,TX,https://www.bluegolf.com/junior/events/ntpgajr2611/index.html,,,,,,
ntpga-jr-2026-05-02-aat-spring-finale-ntpga-junior-tour,NTPGA Junior Tour,Mixed,Junior,Open,AAT: Spring Finale,2026-05-02,2026-05-02,Weatherford,TX,https://www.bluegolf.com/junior/events/ntpgajr2614/index.html,,,,,,
ntpga-jr-2026-03-21-aat-spring-showdown-ntpga-junior-tour,NTPGA Junior Tour,Mixed,Junior,Open,AAT: Spring Showdown,2026-03-21,2026-03-21,Dallas,TX,https://www.bluegolf.com/junior/events/ntpgajr2615/index.html,,,,,,
ntpga-jr-2026-04-25-aat-nike-golf-camps-april-showcase-ntpga,NTPGA Junior Tour,Mixed,Junior,Open,AAT: Nike Golf Camps April Showcase,2026-04-25,2026-04-25,Richardson,TX,https://www.bluegolf.com/junior/events/ntpgajr26111/index.html,,,,,,
ntpga-jr-2026-07-06-good-good-who-s-next-major-hackberry-ntp,NTPGA Junior Tour,Mixed,Junior,Open,Good Good WHO'S NEXT Major - Hackberry,2026-07-06,2026-07-06,Irving,TX,https://www.bluegolf.com/junior/events/ntpgajr26134/index.html,,,,,,
ntpga-jr-2026-06-22-good-good-who-s-next-match-play-major-nt,NTPGA Junior Tour,Mixed,Junior,Open,Good Good WHO'S NEXT Match Play Major,2026-06-22,2026-06-22,Garland,TX,https://www.bluegolf.com/junior/events/ntpgajr26135/index.html,,,,,,
ntpga-jr-2026-08-05-good-good-all-american-tour-championship,NTPGA Junior Tour,Mixed,Junior,Open,Good Good All American Tour Championship,2026-08-05,2026-08-05,Irving,TX,https://www.bluegolf.com/junior/events/ntpgajr26136/index.html,,,,,,
sneds-tn-2026-02-14-president-s-day-classic,Sneds Tour,Mixed,Junior,Open,President's Day Classic,2026-02-14,2026-02-14,Waverly,GA,https://www.bluegolf.com/junior/events/tnjgt261/index.html,,,,,,
sneds-tn-2026-04-11-open-cedar-crest,Sneds Tour,Mixed,Junior,Open,Open @ Cedar Crest,2026-04-11,2026-04-11,Murfreesboro,TN,https://www.bluegolf.com/junior/events/tnjgt264/index.html,,,,,,
sneds-tn-2026-03-14-open-henry-horton,Sneds Tour,Mixed,Junior,Open,Open @ Henry Horton,2026-03-14,2026-03-14,Chapel Hill,TN,https://www.bluegolf.com/junior/events/tnjgt2610/index.html,,,,,,
sneds-tn-2026-04-18-open-three-ridges,Sneds Tour,Mixed,Junior,Open,Open @ Three Ridges,2026-04-18,2026-04-18,Knoxville,TN,https://www.bluegolf.com/junior/events/tnjgt2611/index.html,,,,,,
sneds-tn-2026-06-15-open-pillow-springs,Sneds Tour,Mixed,Junior,Open,Open @ Pillow Springs,2026-06-15,2026-06-15,Columbia,TN,https://www.bluegolf.com/junior/events/tnjgt2617/index.html,,,,,,
sneds-tn-2026-04-25-open-timber-truss,Sneds Tour,Mixed,Junior,Open,Open @ Timber Truss,2026-04-25,2026-04-25,Olive Branch,MS,https://www.bluegolf.com/junior/events/tnjgt2626/index.html,,,,,,
sneds-tn-2026-05-02-elite-greystone,Sneds Tour,Mixed,Junior,Open,Elite @ GreyStone,2026-05-02,2026-05-02,Dickson,TN,https://www.bluegolf.com/junior/events/tnjgt2629/index.html,,,,,,
sneds-tn-2026-05-09-parent-child-championship,Sneds Tour,Mixed,Junior,Open,Parent-Child Championship,2026-05-09,2026-05-09,Franklin,TN,https://www.bluegolf.com/junior/events/tnjgt2644/index.html,,,,,,
sneds-tn-2026-05-16-bill-webster-junior-championship,Sneds Tour,Mixed,Junior,Open,Bill Webster Junior  Championship,2026-05-16,2026-05-16,Abingdon,VA,https://www.bluegolf.com/junior/events/tnjgt2650/index.html,,,,,,
sneds-tn-2026-05-16-elite-harrison-bay,Sneds Tour,Mixed,Junior,Open,Elite @ Harrison Bay,2026-05-16,2026-05-16,Harrison,TN,https://www.bluegolf.com/junior/events/tnjgt2651/index.html,,,,,,
sneds-tn-2026-06-30-elite-hermitage,Sneds Tour,Mixed,Junior,Open,Elite @ Hermitage,2026-06-30,2026-06-30,Old Hickory,TN,https://www.bluegolf.com/junior/events/tnjgt2653/index.html,,,,,,
sneds-tn-2026-05-26-open-three-ridges,Sneds Tour,Mixed,Junior,Open,Open @ Three Ridges,2026-05-26,2026-05-26,Knoxville,TN,https://www.bluegolf.com/junior/events/tnjgt2654/index.html,,,,,,
sneds-tn-2026-05-26-open-tims-ford,Sneds Tour,Mixed,Junior,Open,Open @ Tims Ford,2026-05-26,2026-05-26,Winchester,TN,https://www.bluegolf.com/junior/events/tnjgt2655/index.html,,,,,,
sneds-tn-2026-05-27-open-the-legacy,Sneds Tour,Mixed,Junior,Open,Open @ The Legacy,2026-05-27,2026-05-27,Springfield,TN,https://www.bluegolf.com/junior/events/tnjgt2657/index.html,,,,,,
sneds-tn-2026-03-07-open-pine-creek,Sneds Tour,Mixed,Junior,Open,Open @ Pine Creek,2026-03-07,2026-03-07,Mount Juliet,TN,https://www.bluegolf.com/junior/events/tnjgt2659/index.html,,,,,,
sneds-tn-2026-06-15-masters-2-day-cherokee,Sneds Tour,Mixed,Junior,Open,Masters 2-Day @ Cherokee,2026-06-15,2026-06-16,Knoxville,TN,https://www.bluegolf.com/junior/events/tnjgt2669/index.html,,,,,,
sneds-tn-2026-06-03-open-warriors-path,Sneds Tour,Mixed,Junior,Open,Open @ Warriors Path,2026-06-03,2026-06-03,Kingsport,TN,https://www.bluegolf.com/junior/events/tnjgt2675/index.html,,,,,,
sneds-tn-2026-06-25-open-two-rivers,Sneds Tour,Mixed,Junior,Open,Open @ Two Rivers,2026-06-25,2026-06-25,Nashville,TN,https://www.bluegolf.com/junior/events/tnjgt2680/index.html,,,,,,
sneds-tn-2026-06-22-masters-2-day-greystone,Sneds Tour,Mixed,Junior,Open,Masters 2-Day @ GreyStone,2026-06-22,2026-06-23,Dickson,TN,https://www.bluegolf.com/junior/events/tnjgt2689/index.html,,,,,,
sneds-tn-2026-06-03-masters-2-day-towhee-club,Sneds Tour,Mixed,Junior,Open,Masters 2-Day @ Towhee Club,2026-06-03,2026-06-04,Spring Hill,TN,https://www.bluegolf.com/junior/events/tnjgt2690/index.html,,,,,,
sneds-tn-2026-06-15-open-windstone,Sneds Tour,Mixed,Junior,Open,Open @ WindStone,2026-06-15,2026-06-15,Ringgold,GA,https://www.bluegolf.com/junior/events/tnjgt2691/index.html,,,,,,
sneds-tn-2026-06-17-open-blackthorn-club,Sneds Tour,Mixed,Junior,Open,Open @ Blackthorn Club,2026-06-17,2026-06-17,Jonesborough,TN,https://www.bluegolf.com/junior/events/tnjgt2698/index.html,,,,,,
sneds-tn-2026-06-15-masters-2-day-franklin-bridge,Sneds Tour,Mixed,Junior,Open,Masters 2-Day @ Franklin Bridge,2026-06-15,2026-06-16,Franklin,TN,https://www.bluegolf.com/junior/events/tnjgt2699/index.html,,,,,,
sneds-tn-2026-06-10-open-mccabe,Sneds Tour,Mixed,Junior,Open,Open @ McCabe,2026-06-10,2026-06-10,Nashville,TN,https://www.bluegolf.com/junior/events/tnjgt26101/index.html,,,,,,
sneds-tn-2026-06-17-open-champions-run,Sneds Tour,Mixed,Junior,Open,Open @ Champions Run,2026-06-17,2026-06-17,Rockvale,TN,https://www.bluegolf.com/junior/events/tnjgt26112/index.html,,,,,,
sneds-tn-2026-07-01-open-ted-rhodes,Sneds Tour,Mixed,Junior,Open,Open @ Ted Rhodes,2026-07-01,2026-07-01,Nashville,TN,https://www.bluegolf.com/junior/events/tnjgt26115/index.html,,,,,,
sneds-tn-2026-06-18-masters-2-day-harrison-bay,Sneds Tour,Mixed,Junior,Open,Masters 2-Day @ Harrison Bay,2026-06-18,2026-06-19,Harrison,TN,https://www.bluegolf.com/junior/events/tnjgt26117/index.html,,,,,,
sneds-tn-2026-06-22-open-green-meadow,Sneds Tour,Mixed,Junior,Open,Open @ Green Meadow,2026-06-22,2026-06-22,Alcoa,TN,https://www.bluegolf.com/junior/events/tnjgt26122/index.html,,,,,,
sneds-tn-2026-06-29-open-tn-grasslands-fairvue,Sneds Tour,Mixed,Junior,Open,Open @ TN Grasslands (Fairvue),2026-06-29,2026-06-29,Gallatin,TN,https://www.bluegolf.com/junior/events/tnjgt26123/index.html,,,,,,
sneds-tn-2026-06-22-open-harpeth-hills,Sneds Tour,Mixed,Junior,Open,Open @ Harpeth Hills,2026-06-22,2026-06-22,Nashville,TN,https://www.bluegolf.com/junior/events/tnjgt26124/index.html,,,,,,
sneds-tn-2026-06-01-open-henry-horton,Sneds Tour,Mixed,Junior,Open,Open @ Henry Horton,2026-06-01,2026-06-01,Chapel Hill,TN,https://www.bluegolf.com/junior/events/tnjgt26128/index.html,,,,,,
sneds-tn-2026-06-17-masters-2-day-mirimichi,Sneds Tour,Mixed,Junior,Open,Masters 2-Day @ Mirimichi,2026-06-17,2026-06-18,Millington,TN,https://www.bluegolf.com/junior/events/tnjgt26130/index.html,,,,,,
sneds-tn-2026-06-24-masters-2-day-old-fort,Sneds Tour,Mixed,Junior,Open,Masters 2-Day @ Old Fort,2026-06-24,2026-06-25,Murfreesboro,TN,https://www.bluegolf.com/junior/events/tnjgt26131/index.html,,,,,,
sneds-tn-2026-06-08-open-indian-hills,Sneds Tour,Mixed,Junior,Open,Open @ Indian Hills,2026-06-08,2026-06-08,Murfreesboro,TN,https://www.bluegolf.com/junior/events/tnjgt26132/index.html,,,,,,
sneds-tn-2026-05-26-elite-tn-national,Sneds Tour,Mixed,Junior,Open,Elite @ TN National,2026-05-26,2026-05-26,Loudon,TN,https://www.bluegolf.com/junior/events/tnjgt26136/index.html,,,,,,
sneds-tn-2026-06-29-open-audubon,Sneds Tour,Mixed,Junior,Open,Open @ Audubon,2026-06-29,2026-06-29,Memphis,TN,https://www.bluegolf.com/junior/events/tnjgt26138/index.html,,,,,,
sneds-tn-2026-07-06-masters-2-day-lakewood-river-bend,Sneds Tour,Mixed,Junior,Open,Masters 2-Day @ Lakewood/River Bend,2026-07-06,2026-07-07,Tullahoma,TN,https://www.bluegolf.com/junior/events/tnjgt26139/index.html,,,,,,
sneds-tn-2026-06-29-open-beaver-brook,Sneds Tour,Mixed,Junior,Open,Open @ Beaver Brook,2026-06-29,2026-06-29,Knoxville,TN,https://www.bluegolf.com/junior/events/tnjgt26140/index.html,,,,,,
vsga-jr-2026-03-28-mapga-vsga-junior-four-ball-championship,VSGA Junior,Mixed,Junior,Open,MAPGA/VSGA Junior Four-Ball Championship,2026-03-28,2026-03-29,Williamsburg,VA,https://vsga-13thmapgavsgajuniorfourballchampion.golfgenius.com,,,,,,
vsga-jr-2026-03-29-junior-golf-circuit-shenvalee-golf-resor,VSGA Junior,Mixed,Junior,Open,Junior Golf Circuit - Shenvalee Golf Resort,2026-03-29,2026-03-29,New Market,VA,https://vsga-2026vsgajuniorgolfcircuiteventshenv.golfgenius.com,,,,,,
vsga-jr-2026-03-29-junior-golf-circuit-mill-quarter-plantat,VSGA Junior,Mixed,Junior,Open,Junior Golf Circuit - Mill Quarter Plantation Golf Club,2026-03-29,2026-03-29,Powhatan,VA,https://vsga-2026vsgajuniorgolfcircuitmillquarpl.golfgenius.com,,,,,,
vsga-jr-2026-03-30-junior-golf-circuit-dogwood-trace-golf-c,VSGA Junior,Mixed,Junior,Open,Junior Golf Circuit - Dogwood Trace Golf Course,2026-03-30,2026-03-30,Petersburg,VA,https://vsga-2026vsgajuniorgolfcircuiteventdogwo.golfgenius.com,,,,,,
vsga-jr-2026-04-11-junior-golf-circuit-kiln-creek-golf-club,VSGA Junior,Mixed,Junior,Open,Junior Golf Circuit - Kiln Creek Golf Club & Resort,2026-04-11,2026-04-12,Newport News,VA,https://vsga-2026vsgajuniorgolfcircuiteventkilnc.golfgenius.com,,,,,,
vsga-jr-2026-04-18-junior-golf-circuit-blue-ridge-shadows-g,VSGA Junior,Mixed,Junior,Open,Junior Golf Circuit - Blue Ridge Shadows Golf Club Front Royal,2026-04-18,2026-04-18,,VA,https://vsga-2026vsgajuniorgolfcircuiteventbluer.golfgenius.com,,,,,,
vsga-jr-2026-04-25-junior-golf-circuit-twin-lakes-golf-cour,VSGA Junior,Mixed,Junior,Open,Junior Golf Circuit - Twin Lakes Golf Course,2026-04-25,2026-04-26,Clifton,VA,https://vsga-2026vsgajuniorgolfcircuiteventtwinl.golfgenius.com,,,,,,
vsga-jr-2026-05-03-junior-golf-circuit-the-tattersall-youth,VSGA Junior,Mixed,Junior,Open,Junior Golf Circuit - The Tattersall Youth Development Center at The First Tee Chesterfield Golf Course,2026-05-03,2026-05-03,North Chesterfield,VA,https://vsga-2026vsgajuniorgolfcircuiteventtheta.golfgenius.com,,,,,,
vsga-jr-2026-05-09-junior-golf-circuit-the-hollows-golf-clu,VSGA Junior,Mixed,Junior,Open,Junior Golf Circuit - The Hollows Golf Club,2026-05-09,2026-05-09,Montpelier,VA,https://vsga-2026vsgajuniorgolfcircuiteventtheho.golfgenius.com,,,,,,
vsga-jr-2026-05-16-junior-golf-circuit-wytheville-golf-club,VSGA Junior,Mixed,Junior,Open,Junior Golf Circuit - Wytheville Golf Club,2026-05-16,2026-05-17,Wytheville,VA,https://vsga-2026vsgajuniorgolfcircuiteventwythe.golfgenius.com,,,,,,
vsga-jr-2026-06-01-junior-golf-circuit-auburn-hills-golf-cl,VSGA Junior,Mixed,Junior,Open,Junior Golf Circuit - Auburn Hills Golf Club,2026-06-01,2026-06-01,Riner,VA,https://vsga-2026vsgajuniorgolfcircuiteventaubur.golfgenius.com,,,,,,
vsga-jr-2026-06-07-junior-golf-circuit-kingsmill-resort,VSGA Junior,Mixed,Junior,Open,Junior Golf Circuit - Kingsmill Resort,2026-06-07,2026-06-07,Williamsburg,VA,https://vsga-2026vsgajuniorgolfcircuiteventkings.golfgenius.com,,,,,,
vsga-jr-2026-06-08-junior-golf-circuit-lake-chesdin-golf-cl,VSGA Junior,Mixed,Junior,Open,Junior Golf Circuit - Lake Chesdin Golf Club,2026-06-08,2026-06-08,Chesterfield,VA,https://vsga-2026vsgajuniorgolfcircuiteventlakec.golfgenius.com,,,,,,
vsga-jr-2026-06-08-junior-golf-circuit-meadowcreek-golf-cou,VSGA Junior,Mixed,Junior,Open,Junior Golf Circuit - Meadowcreek Golf Course,2026-06-08,2026-06-08,Charlottesville,VA,https://vsga-2026vsgajuniorgolfcircuiteventmeado.golfgenius.com,,,,,,
vsga-jr-2026-06-14-junior-golf-circuit-the-tattersall-youth,VSGA Junior,Mixed,Junior,Open,Junior Golf Circuit - The Tattersall Youth Development Center at The First Tee Chesterfield Golf Course,2026-06-14,2026-06-14,North Chesterfield,VA,https://vsga-2026vsgajuniorgolfcircuiteventthet1.golfgenius.com,,,,,,
vsga-jr-2026-06-15-junior-golf-circuit-botetourt-golf-club,VSGA Junior,Mixed,Junior,Open,Junior Golf Circuit - Botetourt Golf Club,2026-06-15,2026-06-15,Troutville,VA,https://vsga-2026vsgajuniorgolfcircuiteventbotet.golfgenius.com,,,,,,
vsga-jr-2026-06-16-junior-golf-circuit-draper-valley-golf-c,VSGA Junior,Mixed,Junior,Open,Junior Golf Circuit - Draper Valley Golf Club,2026-06-16,2026-06-16,Draper,VA,https://vsga-2026vsgajuniorgolfcircuiteventdrape.golfgenius.com,,,,,,
vsga-jr-2026-06-18-junior-golf-circuit-ivy-hill-golf-club,VSGA Junior,Mixed,Junior,Open,Junior Golf Circuit - Ivy Hill Golf Club,2026-06-18,2026-06-18,Forest,VA,https://vsga-2026vsgajuniorgolfcircuiteventivyhi.golfgenius.com,,,,,,
vsga-jr-2026-06-21-junior-golf-circuit-shenvalee-golf-resor,VSGA Junior,Women,Junior,Open,Junior Golf Circuit - Shenvalee Golf Resort,2026-06-21,2026-06-21,New Market,VA,https://vsga-2026vsgajuniorgolfcircuiteventshen1.golfgenius.com,,,,,,
vsga-jr-2026-06-22-junior-golf-circuit-blue-hills-golf-club,VSGA Junior,Mixed,Junior,Open,Junior Golf Circuit - Blue Hills Golf Club,2026-06-22,2026-06-22,Roanoke,VA,https://vsga-2026vsgajuniorgolfcircuiteventblueh.golfgenius.com,,,,,,
vsga-jr-2026-06-22-junior-golf-circuit-sewells-point-golf-c,VSGA Junior,Mixed,Junior,Open,Junior Golf Circuit - Sewells Point Golf Course,2026-06-22,2026-06-22,Norfolk,VA,https://vsga-2026vsgajuniorgolfcircuiteventsewel.golfgenius.com,,,,,,
vsga-jr-2026-06-22-junior-golf-circuit-herndon-centennial-g,VSGA Junior,Mixed,Junior,Open,Junior Golf Circuit - Herndon Centennial Golf Course,2026-06-22,2026-06-22,Herndon,VA,https://vsga-2026vsgajuniorgolfcircuiteventhernd.golfgenius.com,,,,,,
vsga-jr-2026-06-23-junior-golf-circuit-pete-dye-river-cours,VSGA Junior,Mixed,Junior,Open,Junior Golf Circuit - Pete Dye River Course of Virginia Tech,2026-06-23,2026-06-23,Radford,VA,https://vsga-2026vsgajuniorgolfcircuiteventpeted.golfgenius.com,,,,,,
vsga-jr-2026-06-24-junior-golf-circuit-bide-a-wee-golf-cour,VSGA Junior,Mixed,Junior,Open,Junior Golf Circuit - Bide-A-Wee Golf Course,2026-06-24,2026-06-24,Portsmouth,VA,https://vsga-2026vsgajuniorgolfcircuiteventbide1.golfgenius.com,,,,,,
vsga-jr-2026-06-29-junior-golf-circuit-sleepy-hole-golf-cou,VSGA Junior,Mixed,Junior,Open,Junior Golf Circuit - Sleepy Hole Golf Course,2026-06-29,2026-06-29,Suffolk,VA,https://vsga-2026vsgajuniorgolfcircuiteventsleep.golfgenius.com,,,,,,
vsga-jr-2026-06-29-junior-golf-circuit-spotswood-country-cl,VSGA Junior,Mixed,Junior,Open,Junior Golf Circuit - Spotswood Country Club,2026-06-29,2026-06-29,Harrisonburg,VA,https://vsga-2026vsgajuniorgolfcircuiteventspots.golfgenius.com,,,,,,
vsga-jr-2026-06-30-vsga-junior-girls-championship,VSGA Junior,Women,Junior,Open,VSGA Junior Girls' Championship,2026-06-30,2026-07-02,Danville,VA,https://vsga-57thvsgajuniorgirlschampionship.golfgenius.com,,,,,,
vsga-jr-2026-06-30-junior-golf-circuit-hobbs-hole-golf-cour,VSGA Junior,Mixed,Junior,Open,Junior Golf Circuit - Hobbs Hole Golf Course,2026-06-30,2026-06-30,Tappahannock,VA,https://vsga-2026vsgajuniorgolfcircuiteventhobb1.golfgenius.com,,,,,,
vsga-jr-2026-07-01-junior-golf-circuit-roanoke-country-club,VSGA Junior,Mixed,Junior,Open,Junior Golf Circuit - Roanoke Country Club,2026-07-01,2026-07-01,Roanoke,VA,https://vsga-2026vsgajuniorgolfcircuiteventroano.golfgenius.com,,,,,,
vsga-jr-2026-07-01-junior-golf-circuit-brambleton-golf-cour,VSGA Junior,Women,Junior,Open,Junior Golf Circuit - Brambleton Golf Course,2026-07-01,2026-07-01,Ashburn,VA,https://vsga-2026vsgajuniorgolfcircuiteventbramb.golfgenius.com,,,,,,
vsga-jr-2026-07-02-junior-golf-circuit-kiln-creek-golf-club,VSGA Junior,Mixed,Junior,Open,Junior Golf Circuit - Kiln Creek Golf Club & Resort,2026-07-02,2026-07-02,Newport News,VA,https://vsga-2026vsgajuniorgolfcircuiteventkiln1.golfgenius.com,,,,,,
vsga-jr-2026-07-06-junior-golf-circuit-cypress-creek-golfer,VSGA Junior,Mixed,Junior,Open,Junior Golf Circuit - Cypress Creek Golfers' Club,2026-07-06,2026-07-06,Smithfield,VA,https://vsga-2026vsgajuniorgolfcircuiteventcypre.golfgenius.com,,,,,,
vsga-jr-2026-07-08-junior-golf-circuit-the-hollows-golf-clu,VSGA Junior,Mixed,Junior,Open,Junior Golf Circuit - The Hollows Golf Club,2026-07-08,2026-07-08,Montpelier,VA,https://vsga-2026vsgajuniorgolfcircuiteventtheh1.golfgenius.com,,,,,,
vsga-jr-2026-07-08-junior-golf-circuit-algonkian-golf-cours,VSGA Junior,Mixed,Junior,Open,Junior Golf Circuit - Algonkian Golf Course,2026-07-08,2026-07-08,Sterling,VA,https://vsga-2026vsgajuniorgolfcircuiteventalgo1.golfgenius.com,,,,,,
vsga-jr-2026-07-09-junior-golf-circuit-laurel-hill-golf-clu,VSGA Junior,Mixed,Junior,Open,Junior Golf Circuit - Laurel Hill Golf Club,2026-07-09,2026-07-09,Lorton,VA,https://vsga-2026vsgajuniorgolfcircuiteventlaure.golfgenius.com,,,,,,
vsga-jr-2026-07-13-junior-golf-circuit-bristow-manor-golf-c,VSGA Junior,Mixed,Junior,Open,Junior Golf Circuit - Bristow Manor Golf Club,2026-07-13,2026-07-13,Bristow,VA,https://vsga-2026vsgajuniorgolfcircuiteventbrist.golfgenius.com,,,,,,
vsga-jr-2026-07-13-junior-golf-circuit-holston-hills-golf-c,VSGA Junior,Mixed,Junior,Open,Junior Golf Circuit - Holston Hills Golf Course,2026-07-13,2026-07-13,Marion,VA,https://vsga-2026vsgajuniorgolfcircuiteventholst.golfgenius.com,,,,,,
vsga-jr-2026-07-13-junior-golf-circuit-heritage-oaks-golf-c,VSGA Junior,Mixed,Junior,Open,Junior Golf Circuit - Heritage Oaks Golf Course,2026-07-13,2026-07-14,Harrisonburg,VA,https://vsga-2026vsgajuniorgolfcircuiteventherit.golfgenius.com,,,,,,
vsga-jr-2026-07-14-junior-golf-circuit-bide-a-wee-golf-cour,VSGA Junior,Mixed,Junior,Open,Junior Golf Circuit - Bide-A-Wee Golf Course,2026-07-14,2026-07-15,Portsmouth,VA,https://vsga-2026vsgajuniorgolfcircuiteventbide2.golfgenius.com,,,,,,
vsga-jr-2026-07-20-junior-golf-circuit-red-wing-lake-golf-c,VSGA Junior,Mixed,Junior,Open,Junior Golf Circuit - Red Wing Lake Golf Course,2026-07-20,2026-07-20,Virginia Beach,VA,https://vsga-2026vsgajuniorgolfcircuiteventredwi.golfgenius.com,,,,,,
vsga-jr-2026-07-20-junior-golf-circuit-wintergreen-resort,VSGA Junior,Mixed,Junior,Open,Junior Golf Circuit - Wintergreen Resort,2026-07-20,2026-07-20,Nellysford,VA,https://vsga-2026vsgajuniorgolfcircuiteventwinte.golfgenius.com,,,,,,
vsga-jr-2026-07-21-junior-golf-circuit-chatmoss-country-clu,VSGA Junior,Mixed,Junior,Open,Junior Golf Circuit - Chatmoss Country Club,2026-07-21,2026-07-21,Martinsville,VA,https://vsga-2026vsgajuniorgolfcircuiteventchatm.golfgenius.com,,,,,,
vsga-jr-2026-07-22-junior-golf-circuit-hidden-valley-countr,VSGA Junior,Mixed,Junior,Open,Junior Golf Circuit - Hidden Valley Country Club,2026-07-22,2026-07-22,Salem,VA,https://vsga-2026vsgajuniorgolfcircuiteventhidde.golfgenius.com,,,,,,
vsga-jr-2026-07-22-junior-golf-circuit-stoneleigh-golf-coun,VSGA Junior,Mixed,Junior,Open,Junior Golf Circuit - Stoneleigh Golf & Country Club,2026-07-22,2026-07-22,Round Hill,VA,https://vsga-2026vsgajuniorgolfcircuiteventstone.golfgenius.com,,,,,,
vsga-jr-2026-07-23-junior-golf-circuit-augustine-golf-club,VSGA Junior,Mixed,Junior,Open,Junior Golf Circuit - Augustine Golf Club,2026-07-23,2026-07-23,Stafford,VA,https://vsga-2026vsgajuniorgolfcircuiteventaugu1.golfgenius.com,,,,,,
vsga-jr-2026-07-24-junior-golf-circuit-ford-s-colony-countr,VSGA Junior,Mixed,Junior,Open,Junior Golf Circuit - Ford's Colony Country Club,2026-07-24,2026-07-24,Williamsburg,VA,https://vsga-2026vsgajuniorgolfcircuiteventford1.golfgenius.com,,,,,,
vsga-jr-2026-07-27-junior-golf-circuit-the-dominion-club,VSGA Junior,Mixed,Junior,Open,Junior Golf Circuit - The Dominion Club,2026-07-27,2026-07-27,Glen Allen,VA,https://vsga-2026vsgajuniorgolfcircuiteventthedo.golfgenius.com,,,,,,
vsga-jr-2026-08-01-junior-golf-circuit-hobbs-hole-golf-cour,VSGA Junior,Mixed,Junior,Open,Junior Golf Circuit - Hobbs Hole Golf Course,2026-08-01,2026-08-01,Tappahannock,VA,https://vsga-2026vsgajuniorgolfcircuiteventhobb3.golfgenius.com,,,,,,
vsga-jr-2026-08-01-junior-golf-circuit-the-club-of-staunton,VSGA Junior,Mixed,Junior,Open,Junior Golf Circuit - The Club of Staunton,2026-08-01,2026-08-01,Staunton,VA,https://vsga-2026vsgajuniorgolfcircuiteventthec1.golfgenius.com,,,,,,
vsga-jr-2026-08-03-junior-golf-circuit-birdwood-golf-at-boa,VSGA Junior,Mixed,Junior,Open,Junior Golf Circuit - Birdwood Golf at Boar's Head Resort,2026-08-03,2026-08-03,Charlottesville,VA,https://vsga-2026vsgajuniorgolfcircuiteventbirdw.golfgenius.com,,,,,,
vsga-jr-2026-08-03-junior-golf-circuit-boonsboro-country-cl,VSGA Junior,Mixed,Junior,Open,Junior Golf Circuit - Boonsboro Country Club,2026-08-03,2026-08-03,Lynchburg,VA,https://vsga-2026vsgajuniorgolfcircuiteventboons.golfgenius.com,,,,,,
vsga-jr-2026-08-03-junior-golf-circuit-fincastle,VSGA Junior,Mixed,Junior,Open,Junior Golf Circuit - Fincastle,2026-08-03,2026-08-03,Bluefield,VA,https://vsga-2026vsgajuniorgolfcircuiteventfinca.golfgenius.com,,,,,,
vsga-jr-2026-08-03-junior-golf-circuit-richmond-country-clu,VSGA Junior,Mixed,Junior,Open,Junior Golf Circuit - Richmond Country Club,2026-08-03,2026-08-03,Richmond,VA,https://vsga-2026vsgajuniorgolfcircuiteventrichm.golfgenius.com,,,,,,
vsga-jr-2026-08-08-junior-golf-circuit-belmont-golf-course,VSGA Junior,Mixed,Junior,Open,Junior Golf Circuit - Belmont Golf Course,2026-08-08,2026-08-08,Richmond,VA,https://vsga-2026vsgajuniorgolfcircuiteventbelmo.golfgenius.com,,,,,,
vsga-jr-2026-08-15-junior-golf-circuit-kiln-creek-golf-club,VSGA Junior,Mixed,Junior,Open,Junior Golf Circuit - Kiln Creek Golf Club & Resort,2026-08-15,2026-08-16,Newport News,VA,https://vsga-12thvsgajuniorgolfcircuitchampionsh.golfgenius.com,,,,,,
vsga-jr-2026-08-19-junior-golf-circuit-the-golf-club-at-the,VSGA Junior,Mixed,Junior,Open,Junior Golf Circuit - The Golf Club at the Highlands,2026-08-19,2026-08-19,Chesterfield,VA,https://vsga-2026vsgajuniorgolfcircuiteventthegc.golfgenius.com,,,,,,
vsga-jr-2026-10-03-junior-golf-circuit-newport-news-golf-cl,VSGA Junior,Mixed,Junior,Open,Junior Golf Circuit - Newport News Golf Club,2026-10-03,2026-10-04,Newport News,VA,https://vsga-2026vsgajuniorgolfcircuiteventnewpo.golfgenius.com,,,,,,
vsga-jr-2026-10-04-junior-golf-circuit-mill-quarter-plantat,VSGA Junior,Mixed,Junior,Open,Junior Golf Circuit - Mill Quarter Plantation Golf Club,2026-10-04,2026-10-04,Powhatan,VA,https://vsga-2026vsgajuniorgolfcircuiteventmillq.golfgenius.com,,,,,,
vsga-jr-2026-10-24-junior-golf-circuit-great-oaks-country-c,VSGA Junior,Mixed,Junior,Open,Junior Golf Circuit - Great Oaks Country Club,2026-10-24,2026-10-25,Floyd,VA,https://vsga-2026vsgajuniorgolfcircuiteventgreat.golfgenius.com,,,,,,
ijga-il-2026-06-08-isja-qualifier-the-hawk-cc,IJGA Illinois,Mixed,Junior,Open,ISJA Qualifier @ The Hawk CC,2026-06-08,2026-06-08,St. Charles,IL,https://www.bluegolf.com/junior/events/ijga261/index.html,,,,,,
ijga-il-2026-06-18-ceja-qualifier-redtail-gc,IJGA Illinois,Mixed,Junior,Open,CEJA Qualifier @ RedTail GC,2026-06-18,2026-06-18,Village of Lakewood,IL,https://www.bluegolf.com/junior/events/ijga262/index.html,,,,,,
ijga-il-2026-06-23-57th-isja-makray-memorial,IJGA Illinois,Mixed,Junior,Open,57th ISJA @ Makray Memorial,2026-06-23,2026-06-23,Barrington,IL,https://www.bluegolf.com/junior/events/ijga263/index.html,,,,,,
ijga-il-2026-07-06-ceja-qualifier-oak-brook-gc,IJGA Illinois,Mixed,Junior,Open,CEJA Qualifier @ Oak Brook GC,2026-07-06,2026-07-06,Oak Brook,IL,https://www.bluegolf.com/junior/events/ijga264/index.html,,,,,,
ijga-il-2026-07-09-ijga-cdga-junior-amateur,IJGA Illinois,Mixed,Junior,Open,IJGA-CDGA Junior Amateur,2026-07-09,2026-07-09,West Chicago,IL,https://www.bluegolf.com/junior/events/ijga265/index.html,,,,,,
ijga-il-2026-07-13-46th-chick-evans-jr-am-boys-girls,IJGA Illinois,Mixed,Junior,Open,46th Chick Evans Jr Am (BOYS & GIRLS),2026-07-13,2026-07-13,Itasca,IL,https://www.bluegolf.com/junior/events/ijga266/index.html,,,,,,
ijga-il-2026-04-03-majgt-at-whitetail-ridge,IJGA Illinois,Mixed,Junior,Open,MAJGT at Whitetail Ridge,2026-04-03,2026-04-03,Yorkville,IL,https://www.bluegolf.com/junior/events/ijga267/index.html,,,,,,
ijga-il-2026-04-11-majgt-at-sanctuary,IJGA Illinois,Mixed,Junior,Open,MAJGT at Sanctuary,2026-04-11,2026-04-11,New Lenox,IL,https://www.bluegolf.com/junior/events/ijga268/index.html,,,,,,
ijga-il-2026-04-18-majgt-at-blackberry-oaks,IJGA Illinois,Mixed,Junior,Open,MAJGT at Blackberry Oaks,2026-04-18,2026-04-18,Bristol,IL,https://www.bluegolf.com/junior/events/ijga269/index.html,,,,,,
ijga-il-2026-04-25-majgt-at-pinecrest-boys-only,IJGA Illinois,Mixed,Junior,Open,MAJGT at Pinecrest (Boys Only),2026-04-25,2026-04-25,Huntley,IL,https://www.bluegolf.com/junior/events/ijga2610/index.html,,,,,,
ijga-il-2026-05-16-majgt-at-gci,IJGA Illinois,Mixed,Junior,Open,MAJGT at GCI,2026-05-16,2026-05-16,Algonquin,IL,https://www.bluegolf.com/junior/events/ijga2611/index.html,,,,,,
ijga-il-2026-06-08-majgt-at-oak-meadows,IJGA Illinois,Mixed,Junior,Open,MAJGT at Oak Meadows,2026-06-08,2026-06-08,Addison,IL,https://www.bluegolf.com/junior/events/ijga2612/index.html,,,,,,
ijga-il-2026-06-15-majgt-at-hawk-s-view,IJGA Illinois,Mixed,Junior,Open,MAJGT at Hawk's View,2026-06-15,2026-06-15,Lake Geneva,WI,https://www.bluegolf.com/junior/events/ijga2613/index.html,,,,,,
ijga-il-2026-06-17-majgt-at-ravisloe,IJGA Illinois,Mixed,Junior,Open,MAJGT at Ravisloe,2026-06-17,2026-06-17,Homewood,IL,https://www.bluegolf.com/junior/events/ijga2614/index.html,,,,,,
ijga-il-2026-06-22-iwga-47th-il-state-jr-girls-championship,IJGA Illinois,Mixed,Junior,Open,IWGA 47th IL State Jr Girls Championship,2026-06-22,2026-06-22,Rockford,IL,https://www.bluegolf.com/junior/events/ijga2615/index.html,,,,,,
ijga-il-2026-07-15-majgt-at-klein-creek,IJGA Illinois,Mixed,Junior,Open,MAJGT at Klein Creek,2026-07-15,2026-07-15,Winfield,IL,https://www.bluegolf.com/junior/events/ijga2616/index.html,,,,,,
ijga-il-2026-07-20-majgt-at-countryside,IJGA Illinois,Mixed,Junior,Open,MAJGT at Countryside,2026-07-20,2026-07-20,Mundelein,IL,https://www.bluegolf.com/junior/events/ijga2617/index.html,,,,,,
ijga-il-2026-07-27-majgt-at-foxford-hills,IJGA Illinois,Mixed,Junior,Open,MAJGT at Foxford Hills,2026-07-27,2026-07-27,Cary,IL,https://www.bluegolf.com/junior/events/ijga2618/index.html,,,,,,
ijga-il-2026-07-29-majgt-at-ruffled-feathers,IJGA Illinois,Mixed,Junior,Open,MAJGT at Ruffled Feathers,2026-07-29,2026-07-29,Lemont,IL,https://www.bluegolf.com/junior/events/ijga2619/index.html,,,,,,
ijga-il-2026-08-03-majgt-girls-junior-amateur,IJGA Illinois,Mixed,Junior,Open,MAJGT Girls Junior Amateur,2026-08-03,2026-08-03,Mundelein,IL,https://www.bluegolf.com/junior/events/ijga2620/index.html,,,,,,
ijga-il-2026-08-05-majgt-at-thunderhawk,IJGA Illinois,Mixed,Junior,Open,MAJGT at ThunderHawk,2026-08-05,2026-08-05,Beach Park,IL,https://www.bluegolf.com/junior/events/ijga2621/index.html,,,,,,
ijga-il-2026-10-17-majgt-at-twin-orchard,IJGA Illinois,Mixed,Junior,Open,MAJGT at Twin Orchard,2026-10-17,2026-10-17,Long Grove,IL,https://www.bluegolf.com/junior/events/ijga2622/index.html,,,,,,
ijga-il-2026-05-04-junior-invitational-at-stonewall-orchard,IJGA Illinois,Mixed,Junior,Open,Junior Invitational at Stonewall Orchard,2026-05-04,2026-05-04,Grayslake,IL,https://www.bluegolf.com/junior/events/ijga2623/index.html,,,,,,
ijga-il-2026-06-10-isja-qualifier-heritage-oaks,IJGA Illinois,Mixed,Junior,Open,ISJA Qualifier @ Heritage Oaks,2026-06-10,2026-06-10,Northbrook,IL,https://www.bluegolf.com/junior/events/ijga2624/index.html,,,,,,
ijga-il-2026-06-04-isja-downstate-qualifier-oak-brook,IJGA Illinois,Mixed,Junior,Open,ISJA DOWNSTATE Qualifier @ Oak Brook,2026-06-04,2026-06-04,Edwardsville,IL,https://www.bluegolf.com/junior/events/ijga2625/index.html,,,,,,
ijga-il-2026-05-09-dcjc-boys-15-18-oak-meadows,IJGA Illinois,Mixed,Junior,Open,DCJC-Boys 15-18 @ Oak Meadows,2026-05-09,2026-05-09,Addison,IL,https://www.bluegolf.com/junior/events/ijga2626/index.html,,,,,,
ijga-il-2026-05-02-players-challenge-1-countryside-gc,IJGA Illinois,Mixed,Junior,Open,Players Challenge #1 @ Countryside GC,2026-05-02,2026-05-02,Mundelein,IL,https://www.bluegolf.com/junior/events/ijga2654/index.html,,,,,,
ijga-il-2026-06-01-players-challenge-2-broken-arrow,IJGA Illinois,Mixed,Junior,Open,Players Challenge #2 @ Broken Arrow,2026-06-01,2026-06-01,Lockport,IL,https://www.bluegolf.com/junior/events/ijga2655/index.html,,,,,,
ijga-il-2026-06-01-players-challenge-3-st-andrews-g-cc,IJGA Illinois,Mixed,Junior,Open,Players Challenge #3 @ St. Andrews G&CC,2026-06-01,2026-06-01,West Chicago,IL,https://www.bluegolf.com/junior/events/ijga2656/index.html,,,,,,
ijga-il-2026-06-04-players-challenge-4-highland-woods-gc,IJGA Illinois,Mixed,Junior,Open,Players Challenge #4 @ Highland Woods GC,2026-06-04,2026-06-04,Hoffman Estates,IL,https://www.bluegolf.com/junior/events/ijga2658/index.html,,,,,,
ijga-il-2026-06-10-players-challenge-5-steeple-chase,IJGA Illinois,Mixed,Junior,Open,Players Challenge #5 @ Steeple Chase,2026-06-10,2026-06-10,Mundelein,IL,https://www.bluegolf.com/junior/events/ijga2659/index.html,,,,,,
ijga-il-2026-06-29-players-challenge-6-cog-hill-g-cc,IJGA Illinois,Mixed,Junior,Open,Players Challenge #6 @ Cog Hill G & CC,2026-06-29,2026-06-29,Lemont,IL,https://www.bluegolf.com/junior/events/ijga2660/index.html,,,,,,
ijga-il-2026-07-06-players-challenge-7-bartlett-hills-gc,IJGA Illinois,Mixed,Junior,Open,Players Challenge #7 @ Bartlett Hills GC,2026-07-06,2026-07-06,Bartlett,IL,https://www.bluegolf.com/junior/events/ijga2661/index.html,,,,,,
ijga-il-2026-07-22-players-challenge-8-whitetail-ridge,IJGA Illinois,Mixed,Junior,Open,Players Challenge #8 @ Whitetail Ridge,2026-07-22,2026-07-22,Yorkville,IL,https://www.bluegolf.com/junior/events/ijga2662/index.html,,,,,,
ijga-il-2026-08-04-players-challenge-9-sycamore-gc,IJGA Illinois,Mixed,Junior,Open,Players Challenge #9 @ Sycamore GC,2026-08-04,2026-08-04,Sycamore,IL,https://www.bluegolf.com/junior/events/ijga2663/index.html,,,,,,
ijga-il-2026-07-06-the-kevin-streelman-invitational,IJGA Illinois,Mixed,Junior,Open,The Kevin Streelman Invitational,2026-07-06,2026-07-06,West Chicago,IL,https://www.bluegolf.com/junior/events/ijga2664/index.html,,,,,,
ijga-il-2026-06-30-kellman-stroke-play-28-deerfield-gc,IJGA Illinois,Mixed,Junior,Open,Kellman Stroke Play #28 @ Deerfield GC,2026-06-30,2026-06-30,Deerfield,IL,https://www.bluegolf.com/junior/events/ijga2684/index.html,,,,,,
ijga-il-2026-07-20-jarvis-stroke-play-37-cress-creek-cc,IJGA Illinois,Mixed,Junior,Open,Jarvis Stroke Play #37 @ Cress Creek CC,2026-07-20,2026-07-20,Naperville,IL,https://www.bluegolf.com/junior/events/ijga26105/index.html,,,,,,
ijga-il-2026-07-22-al-mclean-junior-open-41-wilmette-gc,IJGA Illinois,Mixed,Junior,Open,Al McLean Junior Open #41 @ Wilmette GC,2026-07-22,2026-07-22,Wilmette,IL,https://www.bluegolf.com/junior/events/ijga26108/index.html,,,,,,
ijga-il-2026-06-06-summer-jr-elite-event-1-buffalo-grove,IJGA Illinois,Mixed,Junior,Open,Summer Jr Elite Event #1 @ Buffalo Grove,2026-06-06,2026-06-06,Buffalo Grove,IL,https://www.bluegolf.com/junior/events/ijga26126/index.html,,,,,,
ijga-il-2026-06-10-summer-jr-elite-event-2-glenview-park,IJGA Illinois,Mixed,Junior,Open,Summer Jr Elite Event #2 @ Glenview Park,2026-06-10,2026-06-10,Glenview,IL,https://www.bluegolf.com/junior/events/ijga26127/index.html,,,,,,
ijga-il-2026-07-07-summer-jr-elite-event-3-deerfield-gc,IJGA Illinois,Mixed,Junior,Open,Summer Jr Elite Event #3 @ Deerfield GC,2026-07-07,2026-07-07,Deerfield,IL,https://www.bluegolf.com/junior/events/ijga26129/index.html,,,,,,
ijga-il-2026-07-20-summer-jr-elite-event-4-old-orchard,IJGA Illinois,Mixed,Junior,Open,Summer Jr Elite Event #4 @ Old Orchard,2026-07-20,2026-07-20,Mt. Prospect,IL,https://www.bluegolf.com/junior/events/ijga26130/index.html,,,,,,
ijga-il-2026-08-10-fall-jr-elite-event-1-sunset-valley,IJGA Illinois,Mixed,Junior,Open,Fall Jr Elite Event #1 @ Sunset Valley,2026-08-10,2026-08-10,Highland Park,IL,https://www.bluegolf.com/junior/events/ijga26132/index.html,,,,,,
ijga-il-2026-08-29-fall-jr-elite-event-2-deerpath-gc,IJGA Illinois,Mixed,Junior,Open,Fall Jr Elite Event #2 @ Deerpath GC,2026-08-29,2026-08-29,Lake Forest,IL,https://www.bluegolf.com/junior/events/ijga26133/index.html,,,,,,
ijga-il-2026-09-19-fall-jr-elite-event-3-pinecrest,IJGA Illinois,Mixed,Junior,Open,Fall Jr Elite Event #3 @ Pinecrest,2026-09-19,2026-09-19,Huntley,IL,https://www.bluegolf.com/junior/events/ijga26134/index.html,,,,,,
ijga-il-2026-05-09-dcjc-boys-girls-11-12-willow-crest,IJGA Illinois,Mixed,Junior,Open,DCJC Boys & Girls 11-12 @ Willow Crest,2026-05-09,2026-05-09,Oak Brook,IL,https://www.bluegolf.com/junior/events/ijga26135/index.html,,,,,,
ijga-il-2026-05-09-dcjc-boys-13-14-willow-crest,IJGA Illinois,Mixed,Junior,Open,DCJC (Boys 13-14) @ Willow Crest,2026-05-09,2026-05-09,Oak Brook,IL,https://www.bluegolf.com/junior/events/ijga26136/index.html,,,,,,
ijga-il-2026-05-09-dcjc-girls-13-18-willow-crest,IJGA Illinois,Mixed,Junior,Open,DCJC (Girls 13-18) @ Willow Crest,2026-05-09,2026-05-09,Oak Brook,IL,https://www.bluegolf.com/junior/events/ijga26137/index.html,,,,,,
ijga-il-2026-07-06-the-streels-9-hole,IJGA Illinois,Mixed,Junior,Open,The Streels 9-Hole,2026-07-06,2026-07-06,Wheaton,IL,https://www.bluegolf.com/junior/events/ijga26138/index.html,,,,,,
ijga-il-2026-06-17-notah-begay-iii-qual-ruffled-feathers,IJGA Illinois,Mixed,Junior,Open,Notah Begay III Qual. @ Ruffled Feathers,2026-06-17,2026-06-17,Lemont,IL,https://www.bluegolf.com/junior/events/ijga26141/index.html,,,,,,
ijga-il-2026-07-20-53rd-junior-am-champ,IJGA Illinois,Mixed,Junior,Open,53rd Junior Am Champ,2026-07-20,2026-07-20,Chicago,IL,https://www.bluegolf.com/junior/events/ijga26143/index.html,,,,,,
ijga-il-2026-07-20-jpga-ijga-tournament-10-13-year-olds,IJGA Illinois,Mixed,Junior,Open,JPGA/IJGA Tournament 10-13 Year Olds,2026-07-20,2026-07-20,Chicago,IL,https://www.bluegolf.com/junior/events/ijga26144/index.html,,,,,,
ijga-il-2026-08-09-2026-ijga-poy-mistwood,IJGA Illinois,Mixed,Junior,Open,2026 IJGA POY @ Mistwood,2026-08-09,2026-08-09,Romeoville,IL,https://www.bluegolf.com/junior/events/ijga26147/index.html,,,,,,
njpga-jr-2026-07-15-njpga-junior-challenge,NJPGA Junior,Mixed,Junior,Open,NJPGA Junior Challenge,2026-07-15,2026-07-15,West Trenton,NJ,https://www.bluegolf.com/junior/events/njpgajr261/index.html,,,,,,
njpga-jr-2026-05-09-spring-junior-event-at-warrenbrook,NJPGA Junior,Mixed,Junior,Open,Spring Junior Event at Warrenbrook,2026-05-09,2026-05-09,Warren,NJ,https://www.bluegolf.com/junior/events/njpgajr263/index.html,,,,,,
njpga-jr-2026-05-16-spring-junior-event-at-picatinny,NJPGA Junior,Mixed,Junior,Open,Spring Junior Event at Picatinny,2026-05-16,2026-05-16,Picatinny,NJ,https://www.bluegolf.com/junior/events/njpgajr264/index.html,,,,,,
njpga-jr-2026-07-06-njpga-junior-open,NJPGA Junior,Mixed,Junior,Open,NJPGA Junior Open,2026-07-06,2026-07-06,Parsippany,NJ,https://www.bluegolf.com/junior/events/njpgajr265/index.html,,,,,,
njpga-jr-2026-06-29-major-njpga-junior-section-championship,NJPGA Junior,Mixed,Junior,Open,MAJOR: NJPGA Junior Section Championship,2026-06-29,2026-06-29,Monroe Township,NJ,https://www.bluegolf.com/junior/events/njpgajr266/index.html,,,,,,
njpga-jr-2026-07-08-junior-event-at-ramsey,NJPGA Junior,Mixed,Junior,Open,Junior Event at Ramsey,2026-07-08,2026-07-08,Ramsey,NJ,https://www.bluegolf.com/junior/events/njpgajr269/index.html,,,,,,
njpga-jr-2026-07-13-junior-event-at-spooky-brook,NJPGA Junior,Mixed,Junior,Open,Junior Event at Spooky Brook,2026-07-13,2026-07-13,Somerset ,NJ,https://www.bluegolf.com/junior/events/njpgajr2611/index.html,,,,,,
njpga-jr-2026-07-13-njpga-junior-cup,NJPGA Junior,Mixed,Junior,Open,NJPGA Junior Cup,2026-07-13,2026-07-13,Mendham ,NJ,https://www.bluegolf.com/junior/events/njpgajr2612/index.html,,,,,,
njpga-jr-2026-07-15-junior-event-at-flanders-valley,NJPGA Junior,Mixed,Junior,Open,Junior Event at Flanders Valley,2026-07-15,2026-07-15,Flanders,NJ,https://www.bluegolf.com/junior/events/njpgajr2613/index.html,,,,,,
njpga-jr-2026-07-20-njpga-junior-mountain-classic,NJPGA Junior,Mixed,Junior,Open,NJPGA Junior Mountain Classic,2026-07-20,2026-07-20,Washington,NJ,https://www.bluegolf.com/junior/events/njpgajr2614/index.html,,,,,,
njpga-jr-2026-08-12-junior-event-at-cream-ridge,NJPGA Junior,Mixed,Junior,Open,Junior Event at Cream Ridge,2026-08-12,2026-08-12,Cream Ridge,NJ,https://www.bluegolf.com/junior/events/njpgajr2615/index.html,,,,,,
njpga-jr-2026-07-22-junior-event-at-farmstead,NJPGA Junior,Mixed,Junior,Open,Junior Event at Farmstead,2026-07-22,2026-07-22,Lafayette,NJ,https://www.bluegolf.com/junior/events/njpgajr2616/index.html,,,,,,
njpga-jr-2026-07-27-major-nj-junior-pga-championship,NJPGA Junior,Mixed,Junior,Open,MAJOR: NJ Junior PGA Championship,2026-07-27,2026-07-27,West Windsor ,NJ,https://www.bluegolf.com/junior/events/njpgajr2617/index.html,,,,,,
njpga-jr-2026-08-03-junior-event-at-eagle-ridge,NJPGA Junior,Mixed,Junior,Open,Junior Event at Eagle Ridge,2026-08-03,2026-08-03,Lakewood,NJ,https://www.bluegolf.com/junior/events/njpgajr2619/index.html,,,,,,
njpga-jr-2026-08-11-major-njpga-junior-masters,NJPGA Junior,Mixed,Junior,Open,MAJOR: NJPGA Junior Masters,2026-08-11,2026-08-11,Milford,NJ,https://www.bluegolf.com/junior/events/njpgajr2620/index.html,,,,,,
njpga-jr-2026-08-21-jon-m-pritsch-memorial-cup,NJPGA Junior,Mixed,Junior,Open,Jon M. Pritsch Memorial Cup,2026-08-21,2026-08-21,Bedminster,NJ,https://www.bluegolf.com/junior/events/njpgajr2621/index.html,,,,,,
njpga-jr-2026-08-18-junior-event-at-rutgers,NJPGA Junior,Mixed,Junior,Open,Junior Event at Rutgers,2026-08-18,2026-08-18,Piscataway,NJ,https://www.bluegolf.com/junior/events/njpgajr2622/index.html,,,,,,
njpga-jr-2026-08-19-junior-event-at-shackamaxon,NJPGA Junior,Mixed,Junior,Open,Junior Event at Shackamaxon,2026-08-19,2026-08-19,Scotch Plains,NJ,https://www.bluegolf.com/junior/events/njpgajr2623/index.html,,,,,,
njpga-jr-2026-08-26-njpga-junior-central-jersey-classic,NJPGA Junior,Mixed,Junior,Open,NJPGA Junior Central Jersey Classic,2026-08-26,2026-08-26,Hillsborough,NJ,https://www.bluegolf.com/junior/events/njpgajr2624/index.html,,,,,,
njpga-jr-2026-09-05-fall-junior-event-at-princeton,NJPGA Junior,Mixed,Junior,Open,Fall Junior Event at Princeton,2026-09-05,2026-09-05,Princeton,NJ,https://www.bluegolf.com/junior/events/njpgajr2625/index.html,,,,,,
njpga-jr-2026-09-26-fall-junior-event-at-ash-brook,NJPGA Junior,Mixed,Junior,Open,Fall Junior Event at Ash Brook,2026-09-26,2026-09-26,Scotch Plains,NJ,https://www.bluegolf.com/junior/events/njpgajr2626/index.html,,,,,,
njpga-jr-2026-06-30-junior-event-at-harkers-hollow,NJPGA Junior,Mixed,Junior,Open,Junior Event at Harkers Hollow,2026-06-30,2026-06-30,Phillipsburg,NJ,https://www.bluegolf.com/junior/events/njpgajr2627/index.html,,,,,,
njpga-jr-2026-08-24-njpga-junior-back-to-school-championship,NJPGA Junior,Mixed,Junior,Open,NJPGA Junior Back to School Championship,2026-08-24,2026-08-24,Newton,NJ,https://www.bluegolf.com/junior/events/njpgajr2628/index.html,,,,,,
njpga-jr-2026-08-25-junior-event-at-spring-meadow,NJPGA Junior,Mixed,Junior,Open,Junior Event at Spring Meadow,2026-08-25,2026-08-25,Farmingdale,NJ,https://www.bluegolf.com/junior/events/njpgajr2629/index.html,,,,,,
njpga-jr-2026-07-22-njpga-junior-bergen-county-classic,NJPGA Junior,Mixed,Junior,Open,NJPGA Junior Bergen County Classic,2026-07-22,2026-07-22,Haworth,NJ,https://www.bluegolf.com/junior/events/njpgajr2631/index.html,,,,,,
njpga-jr-2026-06-25-nb3-q-junior-event-at-hopewell-valley,NJPGA Junior,Mixed,Junior,Open,NB3 Q / Junior Event at Hopewell Valley,2026-06-25,2026-06-25,Hopewell,NJ,https://www.bluegolf.com/junior/events/njpgajr2632/index.html,,,,,,
njpga-jr-2026-05-02-spring-junior-event-at-concordia,NJPGA Junior,Mixed,Junior,Open,Spring Junior Event at Concordia,2026-05-02,2026-05-02,Monroe Township,NJ,https://www.bluegolf.com/junior/events/njpgajr2635/index.html,,,,,,
njpga-jr-2026-08-03-major-njpga-junior-shootout,NJPGA Junior,Mixed,Junior,Open,MAJOR: NJPGA Junior Shootout,2026-08-03,2026-08-03,Edison,NJ,https://www.bluegolf.com/junior/events/njpgajr2637/index.html,,,,,,
njpga-jr-2026-09-19-fall-junior-event-at-green-knoll,NJPGA Junior,Mixed,Junior,Open,Fall Junior Event at Green Knoll,2026-09-19,2026-09-19,Bridgewater,NJ,https://www.bluegolf.com/junior/events/njpgajr2638/index.html,,,,,,
njpga-jr-2026-07-21-junior-event-at-crystal-springs,NJPGA Junior,Mixed,Junior,Open,Junior Event at Crystal Springs,2026-07-21,2026-07-21,Hamburg,NJ,https://www.bluegolf.com/junior/events/njpgajr2639/index.html,,,,,,
njpga-jr-2026-08-05-njpga-junior-players-championship,NJPGA Junior,Mixed,Junior,Open,NJPGA Junior Players Championship,2026-08-05,2026-08-05,Flanders,NJ,https://www.bluegolf.com/junior/events/njpgajr2640/index.html,,,,,,
njpga-jr-2026-06-24-nb3-q-junior-event-at-weequahic,NJPGA Junior,Mixed,Junior,Open,NB3 Q / Junior Event at Weequahic,2026-06-24,2026-06-24,Newark,NJ,https://www.bluegolf.com/junior/events/njpgajr2641/index.html,,,,,,
njpga-jr-2026-07-28-junior-event-at-knob-hill,NJPGA Junior,Mixed,Junior,Open,Junior Event at Knob Hill,2026-07-28,2026-07-28,Manalapan,NJ,https://www.bluegolf.com/junior/events/njpgajr2642/index.html,,,,,,
njpga-jr-2026-10-24-fall-junior-event-at-picatinny,NJPGA Junior,Mixed,Junior,Open,Fall Junior Event at Picatinny,2026-10-24,2026-10-24,Picatinny,NJ,https://www.bluegolf.com/junior/events/njpgajr2646/index.html,,,,,,
njpga-jr-2026-07-08-njpga-junior-skyline-cup,NJPGA Junior,Mixed,Junior,Open,NJPGA Junior Skyline Cup,2026-07-08,2026-07-08,West Orange,NJ,https://www.bluegolf.com/junior/events/njpgajr2648/index.html,,,,,,
njpga-jr-2026-07-29-junior-event-at-gambler-ridge,NJPGA Junior,Mixed,Junior,Open,Junior Event at Gambler Ridge,2026-07-29,2026-07-29,Cream Ridge,NJ,https://www.bluegolf.com/junior/events/njpgajr2649/index.html,,,,,,
njpga-jr-2026-04-25-spring-junior-event-at-fox-hollow,NJPGA Junior,Mixed,Junior,Open,Spring Junior Event at Fox Hollow,2026-04-25,2026-04-25,Branchburg,NJ,https://www.bluegolf.com/junior/events/njpgajr2650/index.html,,,,,,
njpga-jr-2026-08-13-junior-event-at-preakness-valley,NJPGA Junior,Mixed,Junior,Open,Junior Event at Preakness Valley,2026-08-13,2026-08-13,Wayne,NJ,https://www.bluegolf.com/junior/events/njpgajr2651/index.html,,,,,,
njpga-jr-2026-02-02-college-seminar,NJPGA Junior,Mixed,Junior,Open,College Seminar,2026-02-02,2026-02-02,Online,-,https://www.bluegolf.com/junior/events/njpgajr2652/index.html,,,,,,
njpga-jr-2026-08-17-njpga-junior-garden-state-showdown,NJPGA Junior,Mixed,Junior,Open,NJPGA Junior Garden State Showdown,2026-08-17,2026-08-17,Alpine,NJ,https://www.bluegolf.com/junior/events/njpgajr2653/index.html,,,,,,
njpga-jr-2026-04-17-nil-education-with-influential-athlete,NJPGA Junior,Mixed,Junior,Open,NIL Education with Influential Athlete,2026-04-17,2026-04-17,Online,-,https://www.bluegolf.com/junior/events/njpgajr2654/index.html,,,,,,
njpga-jr-2026-06-22-njpga-junior-delaware-river-cup,NJPGA Junior,Mixed,Junior,Open,NJPGA Junior Delaware River Cup,2026-06-22,2026-06-22,Lopatcong,NJ,https://www.bluegolf.com/junior/events/njpgajr2655/index.html,,,,,,
sopga-jr-2026-04-18-lancaster-jr-open,Southern Ohio PGA Junior,Mixed,Junior,Open,Lancaster Jr. Open,2026-04-18,2026-04-18,Lancaster,OH,https://www.bluegolf.com/junior/events/sopgajr261/index.html,,,,,,
sopga-jr-2026-04-11-sharon-woods-jr-open,Southern Ohio PGA Junior,Mixed,Junior,Open,Sharon Woods Jr. Open,2026-04-11,2026-04-11,Cincinnati,OH,https://www.bluegolf.com/junior/events/sopgajr262/index.html,,,,,,
sopga-jr-2026-05-16-urbana-jr-classic-nb3-qualifier,Southern Ohio PGA Junior,Mixed,Junior,Open,Urbana Jr. Classic - NB3 Qualifier,2026-05-16,2026-05-16,Urbana,OH,https://www.bluegolf.com/junior/events/sopgajr263/index.html,,,,,,
sopga-jr-2026-05-09-hamilton-jr-classic,Southern Ohio PGA Junior,Mixed,Junior,Open,Hamilton Jr. Classic,2026-05-09,2026-05-09,Hamilton,OH,https://www.bluegolf.com/junior/events/sopgajr264/index.html,,,,,,
sopga-jr-2026-05-23-cxl-locust-hills-jr-open,Southern Ohio PGA Junior,Mixed,Junior,Open,CXL Locust Hills Jr. Open,2026-05-23,2026-05-23,Springfield,OH,https://www.bluegolf.com/junior/events/sopgajr265/index.html,,,,,,
sopga-jr-2026-06-01-grizzly-jr-championship,Southern Ohio PGA Junior,Mixed,Junior,Open,Grizzly Jr. Championship,2026-06-01,2026-06-01,Mason,OH,https://www.bluegolf.com/junior/events/sopgajr266/index.html,,,,,,
sopga-jr-2026-07-02-springfield-jr-open,Southern Ohio PGA Junior,Mixed,Junior,Open,Springfield Jr Open,2026-07-02,2026-07-02,Springfield,OH,https://www.bluegolf.com/junior/events/sopgajr267/index.html,,,,,,
sopga-jr-2026-05-02-blacklick-jr-open,Southern Ohio PGA Junior,Mixed,Junior,Open,Blacklick Jr. Open,2026-05-02,2026-05-02,Reynoldsburg,OH,https://www.bluegolf.com/junior/events/sopgajr268/index.html,,,,,,
sopga-jr-2026-06-03-reeves-jr-open,Southern Ohio PGA Junior,Mixed,Junior,Open,Reeves Jr. Open,2026-06-03,2026-06-03,Cincinnati,OH,https://www.bluegolf.com/junior/events/sopgajr269/index.html,,,,,,
sopga-jr-2026-06-08-granville-jr-classic-nb3-qualifier,Southern Ohio PGA Junior,Mixed,Junior,Open,Granville Jr. Classic - NB3 Qualifier,2026-06-08,2026-06-08,Granville,OH,https://www.bluegolf.com/junior/events/sopgajr2610/index.html,,,,,,
sopga-jr-2026-06-11-hickory-woods-jr-open,Southern Ohio PGA Junior,Mixed,Junior,Open,Hickory Woods Jr. Open,2026-06-11,2026-06-11,Loveland,OH,https://www.bluegolf.com/junior/events/sopgajr2611/index.html,,,,,,
sopga-jr-2026-06-15-yankee-trace-jr-open,Southern Ohio PGA Junior,Mixed,Junior,Open,Yankee Trace Jr. Open,2026-06-15,2026-06-15,Centerville,OH,https://www.bluegolf.com/junior/events/sopgajr2612/index.html,,,,,,
sopga-jr-2026-07-14-champions-jr-open,Southern Ohio PGA Junior,Mixed,Junior,Open,Champions Jr. Open,2026-07-14,2026-07-14,Columbus,OH,https://www.bluegolf.com/junior/events/sopgajr2613/index.html,,,,,,
sopga-jr-2026-07-20-apple-valley-jr-champ,Southern Ohio PGA Junior,Mixed,Junior,Open,Apple Valley Jr. Champ,2026-07-20,2026-07-20,Howard,OH,https://www.bluegolf.com/junior/events/sopgajr2614/index.html,,,,,,
sopga-jr-2026-07-07-beckett-ridge-jr-open,Southern Ohio PGA Junior,Mixed,Junior,Open,Beckett Ridge Jr. Open,2026-07-07,2026-07-07,West Chester,OH,https://www.bluegolf.com/junior/events/sopgajr2615/index.html,,,,,,
sopga-jr-2026-07-08-troy-jr-open,Southern Ohio PGA Junior,Mixed,Junior,Open,Troy Jr. Open,2026-07-08,2026-07-08,Troy,OH,https://www.bluegolf.com/junior/events/sopgajr2616/index.html,,,,,,
sopga-jr-2026-06-18-national-links-jr-open,Southern Ohio PGA Junior,Mixed,Junior,Open,National Links Jr. Open,2026-06-18,2026-06-18,South Charleston,OH,https://www.bluegolf.com/junior/events/sopgajr2617/index.html,,,,,,
sopga-jr-2026-06-22-junior-pga-championship,Southern Ohio PGA Junior,Mixed,Junior,Open,Junior PGA Championship,2026-06-22,2026-06-22,Miamisburg,OH,https://www.bluegolf.com/junior/events/sopgajr2618/index.html,,,,,,
sopga-jr-2026-06-02-johnstown-jr-open,Southern Ohio PGA Junior,Mixed,Junior,Open,Johnstown Jr. Open,2026-06-02,2026-06-02,Johnstown,OH,https://www.bluegolf.com/junior/events/sopgajr2619/index.html,,,,,,
sopga-jr-2026-06-25-blue-ash-jr-open,Southern Ohio PGA Junior,Mixed,Junior,Open,Blue Ash Jr. Open,2026-06-25,2026-06-25,Cincinnati,OH,https://www.bluegolf.com/junior/events/sopgajr2620/index.html,,,,,,
sopga-jr-2026-07-13-losantiville-jr-classic,Southern Ohio PGA Junior,Mixed,Junior,Open,Losantiville Jr. Classic,2026-07-13,2026-07-13,Cincinnati,OH,https://www.bluegolf.com/junior/events/sopgajr2621/index.html,,,,,,
sopga-jr-2026-07-01-new-albany-jr-open,Southern Ohio PGA Junior,Mixed,Junior,Open,New Albany Jr. Open,2026-07-01,2026-07-01,New Albany,OH,https://www.bluegolf.com/junior/events/sopgajr2622/index.html,,,,,,
sopga-jr-2026-07-06-heatherwood-jr-classic,Southern Ohio PGA Junior,Mixed,Junior,Open,Heatherwood Jr. Classic,2026-07-06,2026-07-06,Springboro,OH,https://www.bluegolf.com/junior/events/sopgajr2623/index.html,,,,,,
sopga-jr-2026-06-10-germantown-jr-open,Southern Ohio PGA Junior,Mixed,Junior,Open,Germantown Jr. Open,2026-06-10,2026-06-10,Germantown,OH,https://www.bluegolf.com/junior/events/sopgajr2624/index.html,,,,,,
sopga-jr-2026-06-24-galena-jr-open,Southern Ohio PGA Junior,Mixed,Junior,Open,Galena Jr. Open,2026-06-24,2026-06-24,Galena,OH,https://www.bluegolf.com/junior/events/sopgajr2625/index.html,,,,,,
sopga-jr-2026-06-17-vineyard-jr-open,Southern Ohio PGA Junior,Mixed,Junior,Open,Vineyard Jr. Open,2026-06-17,2026-06-17,Cincinnati,OH,https://www.bluegolf.com/junior/events/sopgajr2626/index.html,,,,,,
sopga-jr-2026-06-04-miami-shores-jr-open,Southern Ohio PGA Junior,Mixed,Junior,Open,Miami Shores Jr. Open,2026-06-04,2026-06-04,Troy,OH,https://www.bluegolf.com/junior/events/sopgajr2627/index.html,,,,,,
sopga-jr-2026-06-29-columbus-jr-classic,Southern Ohio PGA Junior,Mixed,Junior,Open,Columbus Jr. Classic,2026-06-29,2026-06-29,Marysville,OH,https://www.bluegolf.com/junior/events/sopgajr2628/index.html,,,,,,
sopga-jr-2026-06-30-glenview-jr-open,Southern Ohio PGA Junior,Mixed,Junior,Open,Glenview Jr. Open,2026-06-30,2026-06-30,Cincinnati,OH,https://www.bluegolf.com/junior/events/sopgajr2629/index.html,,,,,,
sopga-jr-2026-07-16-canal-winchester-jr-open,Southern Ohio PGA Junior,Mixed,Junior,Open,Canal Winchester Jr. Open,2026-07-16,2026-07-16,Canal Winchester,OH,https://www.bluegolf.com/junior/events/sopgajr2630/index.html,,,,,,
sopga-jr-2026-06-16-beavercreek-jr-classic,Southern Ohio PGA Junior,Mixed,Junior,Open,Beavercreek Jr. Classic,2026-06-16,2026-06-16,Beavercreek,OH,https://www.bluegolf.com/junior/events/sopgajr2631/index.html,,,,,,
sopga-jr-2026-07-22-sopga-jr-series-championship,Southern Ohio PGA Junior,Mixed,Junior,Open,SOPGA Jr. Series Championship,2026-07-22,2026-07-22,Beavercreek,OH,https://www.bluegolf.com/junior/events/sopgajr2632/index.html,,,,,,
sopga-jr-2026-07-28-sopga-jr-tour-championship,Southern Ohio PGA Junior,Mixed,Junior,Open,SOPGA Jr. Tour Championship,2026-07-28,2026-07-28,Dublin,OH,https://www.bluegolf.com/junior/events/sopgajr2633/index.html,,,,,,
sopga-jr-2026-06-09-batavia-jr-open,Southern Ohio PGA Junior,Mixed,Junior,Open,Batavia Jr. Open,2026-06-09,2026-06-09,Batavia,OH,https://www.bluegolf.com/junior/events/sopgajr2634/index.html,,,,,,
copga-jr-2026-04-11-cup-spring-meadow-hills,Colorado PGA Junior,Mixed,Junior,Open,Cup: Spring - Meadow Hills,2026-04-11,2026-04-11,Aurora,CO,https://www.bluegolf.com/junior/events/copgajr262/index.html,,,,,,
copga-jr-2026-04-18-spring-q-school,Colorado PGA Junior,Mixed,Junior,Open,Spring Q-School,2026-04-18,2026-04-18,Fort Collins,CO,https://www.bluegolf.com/junior/events/copgajr264/index.html,,,,,,
copga-jr-2026-04-25-cup-spring-cc-of-colorado,Colorado PGA Junior,Mixed,Junior,Open,Cup: Spring - CC of Colorado,2026-04-25,2026-04-25,Colorado Springs,CO,https://www.bluegolf.com/junior/events/copgajr265/index.html,,,,,,
copga-jr-2026-05-02-cup-spring-flatirons,Colorado PGA Junior,Mixed,Junior,Open,Cup: Spring - Flatirons,2026-05-02,2026-05-02,Boulder,CO,https://www.bluegolf.com/junior/events/copgajr266/index.html,,,,,,
copga-jr-2026-05-09-cup-spring-olde-course,Colorado PGA Junior,Mixed,Junior,Open,Cup: Spring - Olde Course,2026-05-09,2026-05-09,Loveland,CO,https://www.bluegolf.com/junior/events/copgajr267/index.html,,,,,,
copga-jr-2026-05-16-cup-spring-boomerang-links,Colorado PGA Junior,Mixed,Junior,Open,Cup: Spring - Boomerang Links,2026-05-16,2026-05-16,Greeley,CO,https://www.bluegolf.com/junior/events/copgajr268/index.html,,,,,,
copga-jr-2026-05-26-15-18-boys-girls-jr-worlds-qualifier,Colorado PGA Junior,Mixed,Junior,Open,15-18 Boys/Girls Jr Worlds Qualifier,2026-05-26,2026-05-26,Broomfield,CO,https://www.bluegolf.com/junior/events/copgajr269/index.html,,,,,,
copga-jr-2026-06-01-cup-fossil-trace,Colorado PGA Junior,Mixed,Junior,Open,Cup: Fossil Trace,2026-06-01,2026-06-01,Golden,CO,https://www.bluegolf.com/junior/events/copgajr2610/index.html,,,,,,
copga-jr-2026-05-29-qual-aurora-junior-championship,Colorado PGA Junior,Mixed,Junior,Open,QUAL: Aurora Junior Championship,2026-05-29,2026-05-29,Loveland,CO,https://www.bluegolf.com/junior/events/copgajr2611/index.html,,,,,,
copga-jr-2026-06-08-cup-indian-peaks,Colorado PGA Junior,Mixed,Junior,Open,Cup: Indian Peaks,2026-06-08,2026-06-08,Lafayette,CO,https://www.bluegolf.com/junior/events/copgajr2612/index.html,,,,,,
copga-jr-2026-06-15-major-mizuno-aurora-junior-championship,Colorado PGA Junior,Mixed,Junior,Open,MAJOR: Mizuno Aurora Junior Championship,2026-06-15,2026-06-15,Aurora,CO,https://www.bluegolf.com/junior/events/copgajr2613/index.html,,,,,,
copga-jr-2026-06-29-cup-valley-cc-single-day-36-holes,Colorado PGA Junior,Mixed,Junior,Open,Cup: Valley CC (Single Day 36-Holes),2026-06-29,2026-06-29,Aurora,CO,https://www.bluegolf.com/junior/events/copgajr2614/index.html,,,,,,
copga-jr-2026-06-25-qual-co-junior-pga-championship,Colorado PGA Junior,Mixed,Junior,Open,QUAL: CO Junior PGA Championship,2026-06-25,2026-06-25,Centennial,CO,https://www.bluegolf.com/junior/events/copgajr2615/index.html,,,,,,
copga-jr-2026-06-22-cup-jps-three-crowns,Colorado PGA Junior,Mixed,Junior,Open,Cup & JPS : Three Crowns,2026-06-22,2026-06-22,Casper,WY,https://www.bluegolf.com/junior/events/copgajr2616/index.html,,,,,,
copga-jr-2026-07-06-major-mizuno-co-junior-pga-championship,Colorado PGA Junior,Mixed,Junior,Open,MAJOR: Mizuno CO Junior PGA Championship,2026-07-06,2026-07-06,Colorado Springs,CO,https://www.bluegolf.com/junior/events/copgajr2617/index.html,,,,,,
copga-jr-2026-07-02-cup-team-thorncreek,Colorado PGA Junior,Mixed,Junior,Open,Cup: Team - Thorncreek,2026-07-02,2026-07-02,Thornton,CO,https://www.bluegolf.com/junior/events/copgajr2618/index.html,,,,,,
copga-jr-2026-07-15-west-swing-classic-adobe-creek,Colorado PGA Junior,Mixed,Junior,Open,West Swing Classic: Adobe Creek,2026-07-15,2026-07-15,Fruita,CO,https://www.bluegolf.com/junior/events/copgajr2619/index.html,,,,,,
copga-jr-2026-07-09-qual-co-pga-jr-match-play-championship,Colorado PGA Junior,Mixed,Junior,Open,QUAL: CO PGA Jr Match Play Championship,2026-07-09,2026-07-09,Aurora,CO,https://www.bluegolf.com/junior/events/copgajr2620/index.html,,,,,,
copga-jr-2026-07-27-cup-legacy-ridge,Colorado PGA Junior,Mixed,Junior,Open,Cup: Legacy Ridge,2026-07-27,2026-07-27,Westminster,CO,https://www.bluegolf.com/junior/events/copgajr2622/index.html,,,,,,
copga-jr-2026-08-15-cup-twin-peaks,Colorado PGA Junior,Mixed,Junior,Open,Cup: Twin Peaks,2026-08-15,2026-08-15,Longmont,CO,https://www.bluegolf.com/junior/events/copgajr2623/index.html,,,,,,
copga-jr-2026-08-29-cup-collindale,Colorado PGA Junior,Mixed,Junior,Open,Cup: Collindale,2026-08-29,2026-08-29,Fort Collins,CO,https://www.bluegolf.com/junior/events/copgajr2624/index.html,,,,,,
copga-jr-2026-09-05-cup-fox-hollow,Colorado PGA Junior,Mixed,Junior,Open,Cup: Fox Hollow,2026-09-05,2026-09-05,Lakewood,CO,https://www.bluegolf.com/junior/events/copgajr2625/index.html,,,,,,
copga-jr-2026-08-22-cup-desert-hawk,Colorado PGA Junior,Mixed,Junior,Open,Cup: Desert Hawk,2026-08-22,2026-08-22,Pueblo West,CO,https://www.bluegolf.com/junior/events/copgajr2626/index.html,,,,,,
copga-jr-2026-09-19-co-ut-mountain-cup,Colorado PGA Junior,Mixed,Junior,Open,CO/UT Mountain Cup,2026-09-19,2026-09-19,Colorado Springs,CO,https://www.bluegolf.com/junior/events/copgajr2627/index.html,,,,,,
copga-jr-2026-09-26-fall-q-school,Colorado PGA Junior,Mixed,Junior,Open,Fall Q-School,2026-09-26,2026-09-26,Pueblo,CO,https://www.bluegolf.com/junior/events/copgajr2628/index.html,,,,,,
copga-jr-2026-10-10-major-mizuno-co-pga-junior-invitational,Colorado PGA Junior,Mixed,Junior,Open,MAJOR: Mizuno CO PGA Junior Invitational,2026-10-10,2026-10-10,Colorado Springs,CO,https://www.bluegolf.com/junior/events/copgajr2629/index.html,,,,,,
copga-jr-2026-06-03-summer-q-school,Colorado PGA Junior,Mixed,Junior,Open,Summer Q-School,2026-06-03,2026-06-03,Littleton,CO,https://www.bluegolf.com/junior/events/copgajr2633/index.html,,,,,,
copga-jr-2026-04-11-jps-coyote-creek,Colorado PGA Junior,Mixed,Junior,Open,JPS - Coyote Creek,2026-04-11,2026-04-11,Ft. Lupton,CO,https://www.bluegolf.com/junior/events/copgajr2640/index.html,,,,,,
copga-jr-2026-05-02-jps-notah-begay-qual-highland-hills,Colorado PGA Junior,Mixed,Junior,Open,JPS & Notah Begay Qual - Highland Hills,2026-05-02,2026-05-02,Greeley,CO,https://www.bluegolf.com/junior/events/copgajr2643/index.html,,,,,,
copga-jr-2026-05-09-jps-elmwood,Colorado PGA Junior,Mixed,Junior,Open,JPS - Elmwood,2026-05-09,2026-05-09,Pueblo,CO,https://www.bluegolf.com/junior/events/copgajr2647/index.html,,,,,,
copga-jr-2026-05-16-jps-estes-park,Colorado PGA Junior,Mixed,Junior,Open,JPS - Estes Park,2026-05-16,2026-05-16,Estes Park,CO,https://www.bluegolf.com/junior/events/copgajr2648/index.html,,,,,,
copga-jr-2026-05-23-jps-notah-begay-qual-quail-dunes,Colorado PGA Junior,Mixed,Junior,Open,JPS & Notah Begay Qual- Quail Dunes,2026-05-23,2026-05-23,Fort Morgan,CO,https://www.bluegolf.com/junior/events/copgajr2651/index.html,,,,,,
copga-jr-2026-05-26-11-14-boys-girls-jr-worlds-qualifier,Colorado PGA Junior,Mixed,Junior,Open,11-14 Boys/Girls Jr Worlds Qualifier,2026-05-26,2026-05-26,Boulder,CO,https://www.bluegolf.com/junior/events/copgajr2655/index.html,,,,,,
copga-jr-2026-05-28-jps-applewood,Colorado PGA Junior,Mixed,Junior,Open,JPS - Applewood,2026-05-28,2026-05-28,Golden,CO,https://www.bluegolf.com/junior/events/copgajr2657/index.html,,,,,,
copga-jr-2026-06-02-optimist-boys-10-15-qualifier,Colorado PGA Junior,Mixed,Junior,Open,Optimist Boys 10-15 Qualifier,2026-06-02,2026-06-02,Denver,CO,https://www.bluegolf.com/junior/events/copgajr2659/index.html,,,,,,
copga-jr-2026-06-04-jps-notah-begay-qual-wellshire,Colorado PGA Junior,Mixed,Junior,Open,JPS & Notah Begay Qual - Wellshire,2026-06-04,2026-06-04,Denver,CO,https://www.bluegolf.com/junior/events/copgajr2660/index.html,,,,,,
copga-jr-2026-06-10-west-swing-eagle-ranch,Colorado PGA Junior,Mixed,Junior,Open,West Swing - Eagle Ranch,2026-06-10,2026-06-10,Eagle,CO,https://www.bluegolf.com/junior/events/copgajr2662/index.html,,,,,,
copga-jr-2026-06-08-optimist-boys-16-18-qualifier,Colorado PGA Junior,Mixed,Junior,Open,Optimist Boys 16-18 Qualifier,2026-06-08,2026-06-08,Boulder,CO,https://www.bluegolf.com/junior/events/copgajr2664/index.html,,,,,,
copga-jr-2026-06-10-optimist-girls-10-18-qualifier,Colorado PGA Junior,Mixed,Junior,Open,Optimist Girls 10-18 Qualifier,2026-06-10,2026-06-10,Aurora,CO,https://www.bluegolf.com/junior/events/copgajr2665/index.html,,,,,,
copga-jr-2026-06-16-jps-notah-begay-qual-vail-golf-club,Colorado PGA Junior,Mixed,Junior,Open,JPS & Notah Begay Qual. - Vail Golf Club,2026-06-16,2026-06-16,Vail,CO,https://www.bluegolf.com/junior/events/copgajr2667/index.html,,,,,,
copga-jr-2026-06-15-jps-notah-begay-qual-haymaker,Colorado PGA Junior,Mixed,Junior,Open,JPS & Notah Begay Qual - Haymaker,2026-06-15,2026-06-15,Steamboat Springs,CO,https://www.bluegolf.com/junior/events/copgajr2668/index.html,,,,,,
copga-jr-2026-06-23-jps-olde-course,Colorado PGA Junior,Mixed,Junior,Open,JPS - Olde Course,2026-06-23,2026-06-23,Loveland,CO,https://www.bluegolf.com/junior/events/copgajr2671/index.html,,,,,,
copga-jr-2026-06-25-jps-airport-gc,Colorado PGA Junior,Mixed,Junior,Open,JPS - Airport GC,2026-06-25,2026-06-25,Cheyenne,WY,https://www.bluegolf.com/junior/events/copgajr2672/index.html,,,,,,
copga-jr-2026-06-30-jps-patty-jewett,Colorado PGA Junior,Mixed,Junior,Open,JPS - Patty Jewett,2026-06-30,2026-06-30,Colorado Springs,CO,https://www.bluegolf.com/junior/events/copgajr2673/index.html,,,,,,
copga-jr-2026-07-02-jps-cheyenne-shadows,Colorado PGA Junior,Mixed,Junior,Open,JPS - Cheyenne Shadows,2026-07-02,2026-07-02,Ft. Carson,CO,https://www.bluegolf.com/junior/events/copgajr2674/index.html,,,,,,
copga-jr-2026-07-07-jps-11-18-team-twin-peaks,Colorado PGA Junior,Mixed,Junior,Open,JPS: 11-18 Team - Twin Peaks,2026-07-07,2026-07-07,Longmont,CO,https://www.bluegolf.com/junior/events/copgajr2675/index.html,,,,,,
copga-jr-2026-07-09-jps-eaton-cc,Colorado PGA Junior,Mixed,Junior,Open,JPS - Eaton CC,2026-07-09,2026-07-09,Eaton,CO,https://www.bluegolf.com/junior/events/copgajr2676/index.html,,,,,,
copga-jr-2026-07-14-jps-collindale,Colorado PGA Junior,Mixed,Junior,Open,JPS - Collindale,2026-07-14,2026-07-14,Fort Collins,CO,https://www.bluegolf.com/junior/events/copgajr2677/index.html,,,,,,
copga-jr-2026-07-16-jps-quail-dunes,Colorado PGA Junior,Mixed,Junior,Open,JPS - Quail Dunes,2026-07-16,2026-07-16,Fort Morgan,CO,https://www.bluegolf.com/junior/events/copgajr2678/index.html,,,,,,
copga-jr-2026-07-21-jps-eisenhower,Colorado PGA Junior,Mixed,Junior,Open,JPS - Eisenhower,2026-07-21,2026-07-21,Colorado Springs,CO,https://www.bluegolf.com/junior/events/copgajr2679/index.html,,,,,,
copga-jr-2026-07-23-jps-willis-case,Colorado PGA Junior,Mixed,Junior,Open,JPS - Willis Case,2026-07-23,2026-07-23,Denver,CO,https://www.bluegolf.com/junior/events/copgajr2680/index.html,,,,,,
copga-jr-2026-07-28-jps-coyote-creek,Colorado PGA Junior,Mixed,Junior,Open,JPS - Coyote Creek,2026-07-28,2026-07-28,Ft. Lupton,CO,https://www.bluegolf.com/junior/events/copgajr2681/index.html,,,,,,
copga-jr-2026-07-30-jps-hyland-hills,Colorado PGA Junior,Mixed,Junior,Open,JPS - Hyland Hills,2026-07-30,2026-07-30,Westminster,CO,https://www.bluegolf.com/junior/events/copgajr2682/index.html,,,,,,
copga-jr-2026-08-15-jps-highland-hills,Colorado PGA Junior,Mixed,Junior,Open,JPS - Highland Hills,2026-08-15,2026-08-15,Greeley,CO,https://www.bluegolf.com/junior/events/copgajr2683/index.html,,,,,,
copga-jr-2026-08-22-jps-boomerang,Colorado PGA Junior,Mixed,Junior,Open,JPS - Boomerang,2026-08-22,2026-08-22,Greeley,CO,https://www.bluegolf.com/junior/events/copgajr2684/index.html,,,,,,
copga-jr-2026-08-29-jps-elmwood,Colorado PGA Junior,Mixed,Junior,Open,JPS - Elmwood,2026-08-29,2026-08-29,Pueblo,CO,https://www.bluegolf.com/junior/events/copgajr2685/index.html,,,,,,
copga-jr-2026-09-13-jps-applewood,Colorado PGA Junior,Mixed,Junior,Open,JPS - Applewood,2026-09-13,2026-09-13,Golden,CO,https://www.bluegolf.com/junior/events/copgajr2686/index.html,,,,,,
copga-jr-2026-09-19-jps-olde-course,Colorado PGA Junior,Mixed,Junior,Open,JPS - Olde Course,2026-09-19,2026-09-19,Loveland,CO,https://www.bluegolf.com/junior/events/copgajr2687/index.html,,,,,,
copga-jr-2026-08-01-11-18-player-series-championship,Colorado PGA Junior,Mixed,Junior,Open,11-18 Player Series Championship,2026-08-01,2026-08-01,Fort Collins,CO,https://www.bluegolf.com/junior/events/copgajr2688/index.html,,,,,,
copga-jr-2026-10-10-junior-ryder-cup,Colorado PGA Junior,Mixed,Junior,Open,Junior Ryder Cup,2026-10-10,2026-10-10,Longmont,CO,https://www.bluegolf.com/junior/events/copgajr2689/index.html,,,,,,
copga-jr-2026-06-22-west-swing-rifle-creek,Colorado PGA Junior,Mixed,Junior,Open,West Swing - Rifle Creek,2026-06-22,2026-06-22,Rifle,CO,https://www.bluegolf.com/junior/events/copgajr2690/index.html,,,,,,
copga-jr-2026-07-27-west-swing-cobble-creek,Colorado PGA Junior,Mixed,Junior,Open,West Swing - Cobble Creek,2026-07-27,2026-07-27,Montrose,CO,https://www.bluegolf.com/junior/events/copgajr2691/index.html,,,,,,
copga-jr-2026-08-03-west-swing-battlement-mesa,Colorado PGA Junior,Mixed,Junior,Open,West Swing - Battlement Mesa,2026-08-03,2026-08-03,Battlement Mesa,CO,https://www.bluegolf.com/junior/events/copgajr2692/index.html,,,,,,
copga-jr-2026-04-07-tugr-webinar,Colorado PGA Junior,Mixed,Junior,Open,TUGR Webinar,2026-04-07,2026-04-07,Larkspur,CO,https://www.bluegolf.com/junior/events/copgajr2693/index.html,,,,,,
philly-pga-jr-2026-03-07-five-ponds-golf-club,Philadelphia PGA Junior,Mixed,Junior,Open,Five Ponds Golf Club,2026-03-07,2026-03-07,,PA,https://www.golfgenius.com/pages/11306735486128654357,,,,,,
philly-pga-jr-2026-03-08-kimberton-golf-club,Philadelphia PGA Junior,Mixed,Junior,Open,Kimberton Golf Club,2026-03-08,2026-03-08,,PA,https://www.golfgenius.com/pages/11306735486128654357,,,,,,
philly-pga-jr-2026-03-14-hjgt-philadelphia-spring-kickoff-at-jeff,Philadelphia PGA Junior,Mixed,Junior,Open,"HJGT - Philadelphia Spring Kickoff at Jeffersonville (JGS, HUB, GJGR)",2026-03-14,2026-03-15,,PA,https://www.golfgenius.com/pages/11306735486128654357,,,,,,
philly-pga-jr-2026-03-14-seaview-golf-club-ajga-jgs,Philadelphia PGA Junior,Mixed,Junior,Open,Seaview Golf Club (AJGA/JGS),2026-03-14,2026-03-15,,PA,https://www.golfgenius.com/pages/11306735486128654357,,,,,,
philly-pga-jr-2026-03-21-hjgt-new-jersey-kickoff-at-seaview-jgs-h,Philadelphia PGA Junior,Mixed,Junior,Open,"HJGT - New Jersey Kickoff at Seaview (JGS, HUB, GJGR)",2026-03-21,2026-03-22,,PA,https://www.golfgenius.com/pages/11306735486128654357,,,,,,
philly-pga-jr-2026-03-21-jgs-shore-series-the-shore-club-jgs,Philadelphia PGA Junior,Mixed,Junior,Open,JGS Shore Series - The Shore Club (JGS),2026-03-21,2026-03-21,,PA,https://www.golfgenius.com/pages/11306735486128654357,,,,,,
philly-pga-jr-2026-03-22-jgs-shore-series-shore-gate-golf-club-jg,Philadelphia PGA Junior,Mixed,Junior,Open,JGS Shore Series - Shore Gate Golf Club (JGS),2026-03-22,2026-03-22,,PA,https://www.golfgenius.com/pages/11306735486128654357,,,,,,
philly-pga-jr-2026-03-28-honeybrook-golf-club,Philadelphia PGA Junior,Mixed,Junior,Open,Honeybrook Golf Club,2026-03-28,2026-03-28,,PA,https://www.golfgenius.com/pages/11306735486128654357,,,,,,
philly-pga-jr-2026-03-29-chesapeake-bay-golf-club,Philadelphia PGA Junior,Mixed,Junior,Open,Chesapeake Bay Golf Club,2026-03-29,2026-03-29,,PA,https://www.golfgenius.com/pages/11306735486128654357,,,,,,
philly-pga-jr-2026-04-04-indian-spring-country-club,Philadelphia PGA Junior,Mixed,Junior,Open,Indian Spring Country Club,2026-04-04,2026-04-04,,PA,https://www.golfgenius.com/pages/11306735486128654357,,,,,,
philly-pga-jr-2026-04-11-jgs-jersey-series-golden-pheasant-golf-c,Philadelphia PGA Junior,Mixed,Junior,Open,JGS Jersey Series - Golden Pheasant Golf Club (JGS),2026-04-11,2026-04-11,,PA,https://www.golfgenius.com/pages/11306735486128654357,,,,,,
philly-pga-jr-2026-04-12-jgs-jersey-series-rancocas-golf-club-jgs,Philadelphia PGA Junior,Mixed,Junior,Open,JGS Jersey Series - Rancocas Golf Club (JGS),2026-04-12,2026-04-12,,PA,https://www.golfgenius.com/pages/11306735486128654357,,,,,,
philly-pga-jr-2026-04-18-hjgt-pennsylvania-spring-junior-open-jgs,Philadelphia PGA Junior,Mixed,Junior,Open,"HJGT -  Pennsylvania Spring Junior Open (JGS, HUB, GJGR)",2026-04-18,2026-04-19,,PA,https://www.golfgenius.com/pages/11306735486128654357,,,,,,
philly-pga-jr-2026-04-18-iron-valley-golf-club-spring,Philadelphia PGA Junior,Mixed,Junior,Open,Iron Valley Golf Club (Spring),2026-04-18,2026-04-18,,PA,https://www.golfgenius.com/pages/11306735486128654357,,,,,,
philly-pga-jr-2026-04-18-lbi-national-golf-resort,Philadelphia PGA Junior,Mixed,Junior,Open,LBI National Golf & Resort,2026-04-18,2026-04-18,,PA,https://www.golfgenius.com/pages/11306735486128654357,,,,,,
philly-pga-jr-2026-04-19-running-deer-golf-club-jr-pga-qualifier,Philadelphia PGA Junior,Mixed,Junior,Open,Running Deer Golf Club Jr. PGA Qualifier,2026-04-19,2026-04-19,,PA,https://www.golfgenius.com/pages/11306735486128654357,,,,,,
philly-pga-jr-2026-04-25-hjgt-maryland-spring-junior-open-jgs-hub,Philadelphia PGA Junior,Mixed,Junior,Open,"HJGT - Maryland Spring Junior Open (JGS, HUB, GJGR)",2026-04-25,2026-04-26,,PA,https://www.golfgenius.com/pages/11306735486128654357,,,,,,
philly-pga-jr-2026-04-25-jgs-delaware-series-rock-manor-golf-club,Philadelphia PGA Junior,Mixed,Junior,Open,JGS Delaware Series - Rock Manor Golf Club - Jr. PGA Qualifier (JGS),2026-04-25,2026-04-25,,PA,https://www.golfgenius.com/pages/11306735486128654357,,,,,,
philly-pga-jr-2026-04-26-jgs-delaware-series-maple-dale-country-c,Philadelphia PGA Junior,Mixed,Junior,Open,JGS Delaware Series - Maple Dale Country Club (JGS),2026-04-26,2026-04-26,,PA,https://www.golfgenius.com/pages/11306735486128654357,,,,,,
philly-pga-jr-2026-05-02-bensalem-township-country-club,Philadelphia PGA Junior,Mixed,Junior,Open,Bensalem Township Country Club,2026-05-02,2026-05-02,,PA,https://www.golfgenius.com/pages/11306735486128654357,,,,,,
philly-pga-jr-2026-05-02-hjgt-philly-junior-open-at-golden-pheasa,Philadelphia PGA Junior,Mixed,Junior,Open,"HJGT - Philly Junior Open at Golden Pheasant (JGS, HUB, GJGR)",2026-05-02,2026-05-03,,PA,https://www.golfgenius.com/pages/11306735486128654357,,,,,,
philly-pga-jr-2026-05-03-pine-meadows-golf-complex-jr-pga-qualifi,Philadelphia PGA Junior,Mixed,Junior,Open,Pine Meadows Golf Complex - Jr. PGA Qualifier,2026-05-03,2026-05-03,,PA,https://www.golfgenius.com/pages/11306735486128654357,,,,,,
philly-pga-jr-2026-05-30-jgs-york-series-regents-glen-country-clu,Philadelphia PGA Junior,Mixed,Junior,Open,JGS York Series - Regents' Glen Country Club (JGS),2026-05-30,2026-05-30,,PA,https://www.golfgenius.com/pages/11306735486128654357,,,,,,
philly-pga-jr-2026-05-31-jgs-york-series-out-door-country-club-jg,Philadelphia PGA Junior,Mixed,Junior,Open,JGS York Series - Out Door Country Club (JGS),2026-05-31,2026-05-31,,PA,https://www.golfgenius.com/pages/11306735486128654357,,,,,,
philly-pga-jr-2026-06-03-elmhurst-country-club-jr-pga-qualifier,Philadelphia PGA Junior,Mixed,Junior,Open,Elmhurst Country Club - Jr. PGA Qualifier,2026-06-03,2026-06-03,,PA,https://www.golfgenius.com/pages/11306735486128654357,,,,,,
philly-pga-jr-2026-06-08-plantation-lakes-junior-open-jgs,Philadelphia PGA Junior,Mixed,Junior,Open,Plantation Lakes Junior Open (JGS),2026-06-08,2026-06-08,,PA,https://www.golfgenius.com/pages/11306735486128654357,,,,,,
philly-pga-jr-2026-06-09-rehoboth-junior-open-jgs,Philadelphia PGA Junior,Mixed,Junior,Open,Rehoboth Junior Open (JGS),2026-06-09,2026-06-09,,PA,https://www.golfgenius.com/pages/11306735486128654357,,,,,,
philly-pga-jr-2026-06-10-valleybrook-country-club,Philadelphia PGA Junior,Mixed,Junior,Open,Valleybrook Country Club,2026-06-10,2026-06-10,,PA,https://www.golfgenius.com/pages/11306735486128654357,,,,,,
philly-pga-jr-2026-06-11-turtle-creek-golf-course-nb3-qualifier-j,Philadelphia PGA Junior,Mixed,Junior,Open,Turtle Creek Golf Course (NB3 Qualifier/JGS/AJGA),2026-06-11,2026-06-12,,PA,https://www.golfgenius.com/pages/11306735486128654357,,,,,,
philly-pga-jr-2026-06-13-hjgt-new-jersey-summer-junior-open-jgs-h,Philadelphia PGA Junior,Mixed,Junior,Open,"HJGT - New Jersey Summer Junior Open (JGS, HUB, GJGR)",2026-06-13,2026-06-14,,PA,https://www.golfgenius.com/pages/11306735486128654357,,,,,,
philly-pga-jr-2026-06-15-philadelphia-boys-junior-pga-championshi,Philadelphia PGA Junior,Mixed,Junior,Open,Philadelphia Boys Junior PGA Championship (AJGA/JGS),2026-06-15,2026-06-15,,PA,https://www.golfgenius.com/pages/11306735486128654357,,,,,,
philly-pga-jr-2026-06-16-indian-valley-country-club,Philadelphia PGA Junior,Mixed,Junior,Open,Indian Valley Country Club,2026-06-16,2026-06-16,,PA,https://www.golfgenius.com/pages/11306735486128654357,,,,,,
philly-pga-jr-2026-06-17-sweet-water-golf-course-9-hole-series,Philadelphia PGA Junior,Mixed,Junior,Open,Sweet Water Golf Course - 9 Hole Series,2026-06-17,2026-06-17,,PA,https://www.golfgenius.com/pages/11306735486128654357,,,,,,
philly-pga-jr-2026-06-18-penn-state-golf-courses-ajga-jgs,Philadelphia PGA Junior,Mixed,Junior,Open,Penn State Golf Courses (AJGA/JGS),2026-06-18,2026-06-19,,PA,https://www.golfgenius.com/pages/11306735486128654357,,,,,,
philly-pga-jr-2026-06-22-chapel-hill-golf-course,Philadelphia PGA Junior,Mixed,Junior,Open,Chapel Hill Golf Course,2026-06-22,2026-06-22,,PA,https://www.golfgenius.com/pages/11306735486128654357,,,,,,
philly-pga-jr-2026-06-22-hjgt-philadelphia-summer-junior-open-jgs,Philadelphia PGA Junior,Mixed,Junior,Open,"HJGT - Philadelphia Summer Junior Open (JGS, HUB, GJGR)",2026-06-22,2026-06-23,,PA,https://www.golfgenius.com/pages/11306735486128654357,,,,,,
philly-pga-jr-2026-06-23-inniscrone-golf-club,Philadelphia PGA Junior,Mixed,Junior,Open,Inniscrone Golf Club,2026-06-23,2026-06-23,,PA,https://www.golfgenius.com/pages/11306735486128654357,,,,,,
philly-pga-jr-2026-06-24-berkleigh-golf-club-summer,Philadelphia PGA Junior,Mixed,Junior,Open,Berkleigh Golf Club (Summer),2026-06-24,2026-06-24,,PA,https://www.golfgenius.com/pages/11306735486128654357,,,,,,
philly-pga-jr-2026-06-25-manor-golf-club-9-hole-series,Philadelphia PGA Junior,Mixed,Junior,Open,Manor Golf Club - 9 Hole Series,2026-06-25,2026-06-25,,PA,https://www.golfgenius.com/pages/11306735486128654357,,,,,,
philly-pga-jr-2026-06-29-phoenixville-country-club-9-hole-series,Philadelphia PGA Junior,Mixed,Junior,Open,Phoenixville Country Club- 9 Hole Series,2026-06-29,2026-06-29,,PA,https://www.golfgenius.com/pages/11306735486128654357,,,,,,
philly-pga-jr-2026-06-29-the-country-club-of-harrisburg-18-holes,Philadelphia PGA Junior,Mixed,Junior,Open,The Country Club of Harrisburg (18 Holes Only),2026-06-29,2026-06-29,,PA,https://www.golfgenius.com/pages/11306735486128654357,,,,,,
philly-pga-jr-2026-07-01-hjgt-54-hole-mid-atlantic-showcase-at-he,Philadelphia PGA Junior,Mixed,Junior,Open,"HJGT - 54 Hole Mid Atlantic Showcase at Heritage Hills (JGS, HUB, GJGR, WAGR)",2026-07-01,2026-07-03,,PA,https://www.golfgenius.com/pages/11306735486128654357,,,,,,
philly-pga-jr-2026-07-01-skippack-golf-club,Philadelphia PGA Junior,Mixed,Junior,Open,Skippack Golf Club,2026-07-01,2026-07-01,,PA,https://www.golfgenius.com/pages/11306735486128654357,,,,,,
philly-pga-jr-2026-07-06-dupont-country-club-9-hole-series,Philadelphia PGA Junior,Mixed,Junior,Open,Dupont Country Club- 9 Hole Series,2026-07-06,2026-07-06,,PA,https://www.golfgenius.com/pages/11306735486128654357,,,,,,
philly-pga-jr-2026-07-06-philadelphia-girls-junior-pga-championsh,Philadelphia PGA Junior,Mixed,Junior,Open,Philadelphia Girls Junior PGA Championship (AJGA/JGS),2026-07-06,2026-07-06,,PA,https://www.golfgenius.com/pages/11306735486128654357,,,,,,
philly-pga-jr-2026-07-08-medford-lakes-country-club,Philadelphia PGA Junior,Mixed,Junior,Open,Medford Lakes Country Club,2026-07-08,2026-07-08,,PA,https://www.golfgenius.com/pages/11306735486128654357,,,,,,
philly-pga-jr-2026-07-09-woodstone-country-club-jgs,Philadelphia PGA Junior,Mixed,Junior,Open,Woodstone Country Club (JGS),2026-07-09,2026-07-09,,PA,https://www.golfgenius.com/pages/11306735486128654357,,,,,,
philly-pga-jr-2026-07-10-southmoore-golf-club-jgs,Philadelphia PGA Junior,Mixed,Junior,Open,Southmoore Golf Club (JGS),2026-07-10,2026-07-10,,PA,https://www.golfgenius.com/pages/11306735486128654357,,,,,,
philly-pga-jr-2026-07-13-newark-country-club,Philadelphia PGA Junior,Mixed,Junior,Open,Newark Country Club,2026-07-13,2026-07-13,,PA,https://www.golfgenius.com/pages/11306735486128654357,,,,,,
philly-pga-jr-2026-07-13-the-berkshire-country-club,Philadelphia PGA Junior,Mixed,Junior,Open,The Berkshire Country Club,2026-07-13,2026-07-13,,PA,https://www.golfgenius.com/pages/11306735486128654357,,,,,,
philly-pga-jr-2026-07-14-cobbs-creek-q-school-short-course,Philadelphia PGA Junior,Mixed,Junior,Open,Cobbs Creek - Q School Short Course,2026-07-14,2026-07-14,,PA,https://www.golfgenius.com/pages/11306735486128654357,,,,,,
philly-pga-jr-2026-07-15-hjgt-philadelphia-junior-open-at-philmon,Philadelphia PGA Junior,Mixed,Junior,Open,"HJGT - Philadelphia Junior Open at Philmont (JGS, HUB, GJGR)",2026-07-15,2026-07-16,,PA,https://www.golfgenius.com/pages/11306735486128654357,,,,,,
philly-pga-jr-2026-07-15-pennsauken-country-club,Philadelphia PGA Junior,Mixed,Junior,Open,Pennsauken Country Club,2026-07-15,2026-07-15,,PA,https://www.golfgenius.com/pages/11306735486128654357,,,,,,
philly-pga-jr-2026-07-16-hickory-valley-open-jgs,Philadelphia PGA Junior,Mixed,Junior,Open,Hickory Valley Open (JGS),2026-07-16,2026-07-17,,PA,https://www.golfgenius.com/pages/11306735486128654357,,,,,,
philly-pga-jr-2026-07-20-laurel-creek-country-club-jgs,Philadelphia PGA Junior,Mixed,Junior,Open,Laurel Creek Country Club (JGS),2026-07-20,2026-07-20,,PA,https://www.golfgenius.com/pages/11306735486128654357,,,,,,
philly-pga-jr-2026-07-21-foxchase-golf-club-9-hole-series,Philadelphia PGA Junior,Mixed,Junior,Open,Foxchase Golf Club - 9 Hole Series,2026-07-21,2026-07-21,,PA,https://www.golfgenius.com/pages/11306735486128654357,,,,,,
philly-pga-jr-2026-07-21-ramblewood-country-club-jgs,Philadelphia PGA Junior,Mixed,Junior,Open,Ramblewood Country Club (JGS),2026-07-21,2026-07-21,,PA,https://www.golfgenius.com/pages/11306735486128654357,,,,,,
philly-pga-jr-2026-07-22-raven-s-claw-golf-club,Philadelphia PGA Junior,Mixed,Junior,Open,Raven's Claw Golf Club,2026-07-22,2026-07-22,,PA,https://www.golfgenius.com/pages/11306735486128654357,,,,,,
philly-pga-jr-2026-07-23-the-bucks-club,Philadelphia PGA Junior,Mixed,Junior,Open,The Bucks Club,2026-07-23,2026-07-23,,PA,https://www.golfgenius.com/pages/11306735486128654357,,,,,,
philly-pga-jr-2026-07-27-girl-s-summer-championship-at-manufactur,Philadelphia PGA Junior,Mixed,Junior,Open,Girl's Summer Championship at Manufacturers' G&CC (AJGA/JGS),2026-07-27,2026-07-28,,PA,https://www.golfgenius.com/pages/11306735486128654357,,,,,,
philly-pga-jr-2026-07-27-wilmington-country-club,Philadelphia PGA Junior,Mixed,Junior,Open,Wilmington Country Club,2026-07-27,2026-07-27,,PA,https://www.golfgenius.com/pages/11306735486128654357,,,,,,
philly-pga-jr-2026-07-29-bluestone-country-club,Philadelphia PGA Junior,Mixed,Junior,Open,Bluestone Country Club,2026-07-29,2026-07-29,,PA,https://www.golfgenius.com/pages/11306735486128654357,,,,,,
philly-pga-jr-2026-07-29-hjgt-new-jersey-junior-open-at-riverwind,Philadelphia PGA Junior,Mixed,Junior,Open,"HJGT - New Jersey Junior Open at RiverWinds (JGS, HUB, GJGR)",2026-07-29,2026-07-30,,PA,https://www.golfgenius.com/pages/11306735486128654357,,,,,,
philly-pga-jr-2026-07-30-meadia-heights-golf-club,Philadelphia PGA Junior,Mixed,Junior,Open,Meadia Heights Golf Club,2026-07-30,2026-07-30,,PA,https://www.golfgenius.com/pages/11306735486128654357,,,,,,
philly-pga-jr-2026-08-03-bear-trap-dunes-golf-club,Philadelphia PGA Junior,Mixed,Junior,Open,Bear Trap Dunes Golf Club,2026-08-03,2026-08-03,,PA,https://www.golfgenius.com/pages/11306735486128654357,,,,,,
philly-pga-jr-2026-08-04-rancocas-golf-club,Philadelphia PGA Junior,Mixed,Junior,Open,Rancocas Golf Club,2026-08-04,2026-08-04,,PA,https://www.golfgenius.com/pages/11306735486128654357,,,,,,
philly-pga-jr-2026-08-05-medford-village-country-club,Philadelphia PGA Junior,Mixed,Junior,Open,Medford Village Country Club,2026-08-05,2026-08-05,,PA,https://www.golfgenius.com/pages/11306735486128654357,,,,,,
philly-pga-jr-2026-08-06-paxon-hollow-country-club,Philadelphia PGA Junior,Mixed,Junior,Open,Paxon Hollow Country Club,2026-08-06,2026-08-06,,PA,https://www.golfgenius.com/pages/11306735486128654357,,,,,,
philly-pga-jr-2026-08-10-48th-junior-tour-championship,Philadelphia PGA Junior,Mixed,Junior,Open,48th Junior Tour Championship,2026-08-10,2026-08-10,,PA,https://www.golfgenius.com/pages/11306735486128654357,,,,,,
philly-pga-jr-2026-08-11-harry-hammond-invitational,Philadelphia PGA Junior,Mixed,Junior,Open,Harry Hammond Invitational,2026-08-11,2026-08-11,,PA,https://www.golfgenius.com/pages/11306735486128654357,,,,,,
philly-pga-jr-2026-08-12-coatesville-country-club,Philadelphia PGA Junior,Mixed,Junior,Open,Coatesville Country Club,2026-08-12,2026-08-12,,PA,https://www.golfgenius.com/pages/11306735486128654357,,,,,,
philly-pga-jr-2026-08-13-12-under-championship,Philadelphia PGA Junior,Mixed,Junior,Open,12 & Under Championship,2026-08-13,2026-08-13,,PA,https://www.golfgenius.com/pages/11306735486128654357,,,,,,
philly-pga-jr-2026-08-13-kimberton-golf-club-summer,Philadelphia PGA Junior,Mixed,Junior,Open,Kimberton Golf Club (Summer),2026-08-13,2026-08-13,,PA,https://www.golfgenius.com/pages/11306735486128654357,,,,,,
philly-pga-jr-2026-08-19-middletown-country-club,Philadelphia PGA Junior,Mixed,Junior,Open,Middletown Country Club,2026-08-19,2026-08-19,,PA,https://www.golfgenius.com/pages/11306735486128654357,,,,,,
philly-pga-jr-2026-08-20-moselem-springs-golf-club-9-hole-series,Philadelphia PGA Junior,Mixed,Junior,Open,Moselem Springs Golf Club - 9 Hole Series,2026-08-20,2026-08-20,,PA,https://www.golfgenius.com/pages/11306735486128654357,,,,,,
philly-pga-jr-2026-08-21-20th-under-armour-jon-m-pritsch-cup,Philadelphia PGA Junior,Mixed,Junior,Open,20th Under Armour Jon M. Pritsch Cup,2026-08-21,2026-08-21,,PA,https://www.golfgenius.com/pages/11306735486128654357,,,,,,
philly-pga-jr-2026-08-24-philmont-country-club,Philadelphia PGA Junior,Mixed,Junior,Open,Philmont Country Club,2026-08-24,2026-08-24,,PA,https://www.golfgenius.com/pages/11306735486128654357,,,,,,
philly-pga-jr-2026-08-25-indian-spring-country-club-summer,Philadelphia PGA Junior,Mixed,Junior,Open,Indian Spring Country Club (Summer),2026-08-25,2026-08-25,,PA,https://www.golfgenius.com/pages/11306735486128654357,,,,,,
philly-pga-jr-2026-08-26-walnut-lane-golf-club-9-hole-series,Philadelphia PGA Junior,Mixed,Junior,Open,Walnut Lane Golf Club - 9 Hole Series,2026-08-26,2026-08-26,,PA,https://www.golfgenius.com/pages/11306735486128654357,,,,,,
philly-pga-jr-2026-08-27-merchantville-country-club-9-hole-series,Philadelphia PGA Junior,Mixed,Junior,Open,Merchantville Country Club - 9 Hole Series,2026-08-27,2026-08-27,,PA,https://www.golfgenius.com/pages/11306735486128654357,,,,,,
philly-pga-jr-2026-09-12-hjgt-south-jersey-junior-open-jgs-hub-gj,Philadelphia PGA Junior,Mixed,Junior,Open,"HJGT - South Jersey Junior Open (JGS, HUB, GJGR)",2026-09-12,2026-09-13,,PA,https://www.golfgenius.com/pages/11306735486128654357,,,,,,
philly-pga-jr-2026-09-12-odessa-national-golf-club-jgs,Philadelphia PGA Junior,Mixed,Junior,Open,Odessa National Golf Club (JGS),2026-09-12,2026-09-12,,PA,https://www.golfgenius.com/pages/11306735486128654357,,,,,,
philly-pga-jr-2026-09-13-garrisons-lake-golf-club-jgs,Philadelphia PGA Junior,Mixed,Junior,Open,Garrisons Lake Golf Club (JGS),2026-09-13,2026-09-13,,PA,https://www.golfgenius.com/pages/11306735486128654357,,,,,,
philly-pga-jr-2026-09-19-reading-country-club,Philadelphia PGA Junior,Mixed,Junior,Open,Reading Country Club,2026-09-19,2026-09-19,,PA,https://www.golfgenius.com/pages/11306735486128654357,,,,,,
philly-pga-jr-2026-09-20-riverwinds-golf-tennis-club,Philadelphia PGA Junior,Mixed,Junior,Open,Riverwinds Golf & Tennis Club,2026-09-20,2026-09-20,,PA,https://www.golfgenius.com/pages/11306735486128654357,,,,,,
philly-pga-jr-2026-09-26-tanglewood-manor-golf-club,Philadelphia PGA Junior,Mixed,Junior,Open,Tanglewood Manor Golf Club,2026-09-26,2026-09-26,,PA,https://www.golfgenius.com/pages/11306735486128654357,,,,,,
philly-pga-jr-2026-09-27-bala-golf-club,Philadelphia PGA Junior,Mixed,Junior,Open,Bala Golf Club,2026-09-27,2026-09-27,,PA,https://www.golfgenius.com/pages/11306735486128654357,,,,,,
philly-pga-jr-2026-10-03-berkleigh-golf-club-fall,Philadelphia PGA Junior,Mixed,Junior,Open,Berkleigh Golf Club (Fall),2026-10-03,2026-10-03,,PA,https://www.golfgenius.com/pages/11306735486128654357,,,,,,
philly-pga-jr-2026-10-10-regents-glen-country-club,Philadelphia PGA Junior,Mixed,Junior,Open,Regents' Glen Country Club,2026-10-10,2026-10-10,,PA,https://www.golfgenius.com/pages/11306735486128654357,,,,,,
philly-pga-jr-2026-10-11-wild-quail-golf-country-club,Philadelphia PGA Junior,Mixed,Junior,Open,Wild Quail Golf & Country Club,2026-10-11,2026-10-11,,PA,https://www.golfgenius.com/pages/11306735486128654357,,,,,,
philly-pga-jr-2026-10-18-lebanon-country-club,Philadelphia PGA Junior,Mixed,Junior,Open,Lebanon Country Club,2026-10-18,2026-10-18,,PA,https://www.golfgenius.com/pages/11306735486128654357,,,,,,
gam-mi-2026-04-25-gam-girls-championship-at-spring-meadows,GAM Junior,Mixed,Junior,Open,GAM Girls' Championship at Spring Meadows CC,2026-04-25,2026-04-26,,MI,https://www.gam.org/web/pages/junior-kids-golf,,,,,,
gam-mi-2026-06-22-michigan-girls-junior-amateur-at-forest,GAM Junior,Mixed,Junior,Open,Michigan Girls' Junior Amateur at Forest Akers West,2026-06-22,2026-06-25,,MI,https://www.gam.org/web/pages/junior-kids-golf,,,,,,
gam-mi-2026-06-11-u-s-girls-junior-amateur-qualifier-at-ka,GAM Junior,Mixed,Junior,Open,U.S. Girls' Junior Amateur Qualifier at Kaufman GC,2026-06-11,2026-06-11,,MI,https://www.gam.org/web/pages/junior-kids-golf,,,,,,
gam-mi-2026-06-16-u-s-junior-amateur-qualifier-at-pheasant,GAM Junior,Mixed,Junior,Open,U.S. Junior Amateur Qualifier at Pheasant Run GC,2026-06-16,2026-06-16,,MI,https://www.gam.org/web/pages/junior-kids-golf,,,,,,
gam-mi-2026-07-06-michigan-junior-amateur-at-bedford-valle,GAM Junior,Mixed,Junior,Open,Michigan Junior Amateur at Bedford Valley GC,2026-07-06,2026-07-09,,MI,https://www.gam.org/web/pages/junior-kids-golf,,,,,,
gam-mi-2026-07-16-gam-junior-stroke-play-championship-at-f,GAM Junior,Mixed,Junior,Open,GAM Junior Stroke Play Championship at Forest Akers East,2026-07-16,2026-07-17,,MI,https://www.gam.org/web/pages/junior-kids-golf,,,,,,
gam-mi-2026-07-27-gam-boys-championship-at-polo-fields-g-c,GAM Junior,Mixed,Junior,Open,GAM Boys' Championship at Polo Fields G & CC,2026-07-27,2026-07-28,,MI,https://www.gam.org/web/pages/junior-kids-golf,,,,,,
gam-mi-2026-08-05-gam-14-under-match-play-championship-at,GAM Junior,Mixed,Junior,Open,GAM 14 & Under Match Play Championship at Woodside GC,2026-08-05,2026-08-06,,MI,https://www.gam.org/web/pages/junior-kids-golf,,,,,,
gam-mi-2026-08-17-gam-12-under-championship-at-twin-beach,GAM Junior,Mixed,Junior,Open,GAM 12 & Under Championship at Twin Beach CC,2026-08-17,2026-08-18,,MI,https://www.gam.org/web/pages/junior-kids-golf,,,,,,
gam-mi-2026-10-10-gam-junior-invitational-at-forest-akers,GAM Junior,Mixed,Junior,Open,GAM Junior Invitational at Forest Akers West,2026-10-10,2026-10-11,,MI,https://www.gam.org/web/pages/junior-kids-golf,,,,,,
mapga-jr-2026-03-30-troy-beck-memorial-spring-fling-championship-jgs-ajga,MAPGA Junior,Mixed,Junior,Championship,Troy Beck Memorial Spring Fling Championship (JGS AJGA),2026-03-30,2026-03-31,,MD,https://www.golfgenius.com/pages/8908649643613654213,,,,,,
mapga-jr-2026-04-11-md-optimist-qualifier-pine-ridge-gc,MAPGA Junior,Mixed,Junior,Qualifier,MD Optimist Qualifier - Pine Ridge GC,2026-04-11,2026-04-11,,MD,https://www.golfgenius.com/pages/8908649643613654213,,,,,,
mapga-jr-2026-04-19-va-optimist-qualifier-bull-run,MAPGA Junior,Mixed,Junior,Qualifier,VA Optimist Qualifier- Bull Run,2026-04-19,2026-04-19,,VA,https://www.golfgenius.com/pages/8908649643613654213,,,,,,
mapga-jr-2026-05-03-local-jr-pga-qualifier-laurel-hill-gc,MAPGA Junior,Mixed,Junior,Qualifier,Local Jr PGA Qualifier - Laurel Hill GC,2026-05-03,2026-05-03,,VA,https://www.golfgenius.com/pages/8908649643613654213,,,,,,
mapga-jr-2026-05-17-justice-junior-optimist-qualifier-woodmore,MAPGA Junior,Mixed,Junior,Qualifier,Justice Junior Optimist Qualifier -Woodmore,2026-05-17,2026-05-17,,MD,https://www.golfgenius.com/pages/8908649643613654213,,,,,,
mapga-jr-2026-05-30-mapga-junior-peninsula-open-jgs,MAPGA Junior,Mixed,Junior,Open,MAPGA Junior Peninsula Open (JGS),2026-05-30,2026-05-31,,VA,https://www.golfgenius.com/pages/8908649643613654213,,,,,,
mapga-jr-2026-06-08-va-capital-cup-qualifier-dominion-club,MAPGA Junior,Mixed,Junior,Qualifier,VA Capital Cup Qualifier Dominion Club,2026-06-08,2026-06-08,,VA,https://www.golfgenius.com/pages/8908649643613654213,,,,,,
mapga-jr-2026-06-09-compass-pointe-classic-9-18-holes,MAPGA Junior,Mixed,Junior,Open,Compass Pointe Classic (9&18 Holes),2026-06-09,2026-06-09,,MD,https://www.golfgenius.com/pages/8908649643613654213,,,,,,
mapga-jr-2026-06-10-local-jr-pga-qualifier-rattlewood-gc,MAPGA Junior,Mixed,Junior,Qualifier,Local Jr PGA Qualifier - Rattlewood GC,2026-06-10,2026-06-10,,MD,https://www.golfgenius.com/pages/8908649643613654213,,,,,,
mapga-jr-2026-06-11-local-jr-pga-qualifier-army-navy,MAPGA Junior,Mixed,Junior,Qualifier,Local Jr PGA Qualifier - Army Navy,2026-06-11,2026-06-11,,VA,https://www.golfgenius.com/pages/8908649643613654213,,,,,,
mapga-jr-2026-06-15-local-jr-pga-qualifier-suburban-club,MAPGA Junior,Mixed,Junior,Qualifier,Local Jr PGA Qualifier - Suburban Club,2026-06-15,2026-06-15,,MD,https://www.golfgenius.com/pages/8908649643613654213,,,,,,
mapga-jr-2026-06-16-md-capital-cup-qualifier-enterprise,MAPGA Junior,Mixed,Junior,Qualifier,MD Capital Cup Qualifier - Enterprise,2026-06-16,2026-06-16,,MD,https://www.golfgenius.com/pages/8908649643613654213,,,,,,
mapga-jr-2026-06-18-medal-of-honor-classic-9-18-holes,MAPGA Junior,Mixed,Junior,Open,Medal of Honor Classic (9 &18 Holes),2026-06-18,2026-06-18,,VA,https://www.golfgenius.com/pages/8908649643613654213,,,,,,
mapga-jr-2026-06-22-va-capital-cup-qualifier-raspberry-falls,MAPGA Junior,Mixed,Junior,Qualifier,VA Capital Cup Qualifier - Raspberry Falls,2026-06-22,2026-06-22,,VA,https://www.golfgenius.com/pages/8908649643613654213,,,,,,
mapga-jr-2026-06-23-bob-benning-championship-ajga-jgs,MAPGA Junior,Mixed,Junior,Championship,"Bob Benning Championship (AJGA, JGS)",2026-06-23,2026-06-24,,VA,https://www.golfgenius.com/pages/8908649643613654213,,,,,,
mapga-jr-2026-06-25-musket-ridge-open,MAPGA Junior,Mixed,Junior,Open,Musket Ridge Open,2026-06-25,2026-06-26,,MD,https://www.golfgenius.com/pages/8908649643613654213,,,,,,
mapga-jr-2026-06-29-mapga-junior-championship-ajga-jgs,MAPGA Junior,Mixed,Junior,Championship,"MAPGA Junior Championship (AJGA, JGS)",2026-06-29,2026-06-30,,VA,https://www.golfgenius.com/pages/8908649643613654213,,,,,,
mapga-jr-2026-07-01-md-capital-cup-qualifier-p-b-dye,MAPGA Junior,Mixed,Junior,Qualifier,MD Capital Cup Qualifier- P.B. Dye,2026-07-01,2026-07-01,,MD,https://www.golfgenius.com/pages/8908649643613654213,,,,,,
mapga-jr-2026-07-06-93rd-frank-emmet-championship-ajga-jgs,MAPGA Junior,Mixed,Junior,Championship,"93rd Frank Emmet Championship (AJGA, JGS)",2026-07-06,2026-07-07,,MD,https://www.golfgenius.com/pages/8908649643613654213,,,,,,
mapga-jr-2026-07-08-twin-lakes-open,MAPGA Junior,Mixed,Junior,Open,Twin Lakes Open,2026-07-08,2026-07-09,,VA,https://www.golfgenius.com/pages/8908649643613654213,,,,,,
mapga-jr-2026-07-13-jimmy-flattery-memorial-stroke-match-play,MAPGA Junior,Mixed,Junior,Open,Jimmy Flattery Memorial (Stroke & Match Play),2026-07-13,2026-07-14,,MD,https://www.golfgenius.com/pages/8908649643613654213,,,,,,
mapga-jr-2026-07-14-westfields-classic,MAPGA Junior,Mixed,Junior,Open,Westfields Classic,2026-07-14,2026-07-14,,VA,https://www.golfgenius.com/pages/8908649643613654213,,,,,,
mapga-jr-2026-07-16-mapga-girls-invitational,MAPGA Junior,Women,Junior,Invitational,MAPGA Girls Invitational,2026-07-16,2026-07-17,,MD,https://www.golfgenius.com/pages/8908649643613654213,,,,,,
mapga-jr-2026-07-21-99th-bob-riley-junior-open-ajga-jgs,MAPGA Junior,Mixed,Junior,Open,"99th Bob Riley Junior Open (AJGA, JGS)",2026-07-21,2026-07-22,,VA,https://www.golfgenius.com/pages/8908649643613654213,,,,,,
mapga-jr-2026-07-23-billy-hurley-iii-junior-invitational-ajga-jgs,MAPGA Junior,Mixed,Junior,Invitational,"Billy Hurley III Junior Invitational (AJGA, JGS)",2026-07-23,2026-07-24,,MD,https://www.golfgenius.com/pages/8908649643613654213,,,,,,
mapga-jr-2026-07-27-76th-bubby-worsham-memorial-ajga-jgs,MAPGA Junior,Mixed,Junior,Open,"76th Bubby Worsham Memorial (AJGA, JGS)",2026-07-27,2026-07-28,,MD,https://www.golfgenius.com/pages/8908649643613654213,,,,,,
mapga-jr-2026-07-30-preserve-at-eisenhower-classic-9-18-holes,MAPGA Junior,Mixed,Junior,Open,Preserve at Eisenhower Classic (9 & 18 Holes),2026-07-30,2026-07-30,,MD,https://www.golfgenius.com/pages/8908649643613654213,,,,,,
mapga-jr-2026-08-03-ric-behan-junior-cup,MAPGA Junior,Mixed,Junior,Open,Ric Behan Junior Cup,2026-08-03,2026-08-03,,MD,https://www.golfgenius.com/pages/8908649643613654213,,,,,,
mapga-jr-2026-08-04-whiskey-creek-classic,MAPGA Junior,Mixed,Junior,Open,Whiskey Creek Classic,2026-08-04,2026-08-04,,VA,https://www.golfgenius.com/pages/8908649643613654213,,,,,,
mapga-jr-2026-08-05-augustine-classic,MAPGA Junior,Mixed,Junior,Open,Augustine Classic,2026-08-05,2026-08-05,,VA,https://www.golfgenius.com/pages/8908649643613654213,,,,,,
mapga-jr-2026-08-06-forest-park-classic,MAPGA Junior,Mixed,Junior,Open,Forest Park Classic,2026-08-06,2026-08-06,,MD,https://www.golfgenius.com/pages/8908649643613654213,,,,,,
mapga-jr-2026-08-10-spring-creek-slam,MAPGA Junior,Mixed,Junior,Open,Spring Creek SLAM,2026-08-10,2026-08-11,,VA,https://www.golfgenius.com/pages/8908649643613654213,,,,,,
mapga-jr-2026-08-12-terrapin-open-jgs-ajga,MAPGA Junior,Mixed,Junior,Open,"Terrapin Open (JGS, AJGA)",2026-08-12,2026-08-13,,MD,https://www.golfgenius.com/pages/8908649643613654213,,,,,,
mapga-jr-2026-08-18-hank-majewski-scholarship-classic-18-holes-only,MAPGA Junior,Mixed,Junior,Open,Hank Majewski Scholarship Classic (18 Holes Only),2026-08-18,2026-08-18,,MD,https://www.golfgenius.com/pages/8908649643613654213,,,,,,
mapga-jr-2026-09-12-denny-mccarthy-junior-invitational,MAPGA Junior,Mixed,Junior,Invitational,Denny McCarthy Junior Invitational,2026-09-12,2026-09-13,,MD,https://www.golfgenius.com/pages/8908649643613654213,,,,,,
mapga-jr-2026-10-31-kingsmill-junior-invitational,MAPGA Junior,Mixed,Junior,Invitational,Kingsmill Junior Invitational,2026-10-31,2026-11-01,,VA,https://www.golfgenius.com/pages/8908649643613654213,,,,,,
